gender,age,percentile,vo2max,interpretation
F,20,15,18,Poor
F,20,16,18.8,Poor
F,20,17,19.5,Poor
F,20,18,20.2,Poor
F,20,19,20.9,Poor
F,20,20,21.6,Fair
F,20,21,22.4,Fair
F,20,22,23.1,Fair
F,20,23,23.8,Fair
F,20,24,24.5,Fair
F,20,25,25.2,Fair
F,20,26,26,Fair
F,20,27,26.7,Fair
F,20,28,27.4,Fair
F,20,29,28.1,Fair
F,20,30,28.8,Fair
F,20,31,29.6,Fair
F,20,32,30.3,Fair
F,20,33,31,Fair
F,20,34,31.7,Fair
F,20,35,32.5,Fair
F,20,36,33.2,Fair
F,20,37,33.9,Fair
F,20,38,34.6,Fair
F,20,39,35.3,Fair
F,20,40,36.1,Normal
F,20,41,36.1,Normal
F,20,42,36.2,Normal
F,20,43,36.3,Normal
F,20,44,36.4,Normal
F,20,45,36.5,Normal
F,20,46,36.5,Normal
F,20,47,36.6,Normal
F,20,48,36.7,Normal
F,20,49,36.8,Normal
F,20,50,36.9,Normal
F,20,51,37,Normal
F,20,52,37.1,Normal
F,20,53,37.2,Normal
F,20,54,37.3,Normal
F,20,55,37.4,Normal
F,20,56,37.6,Normal
F,20,57,37.7,Normal
F,20,58,37.8,Normal
F,20,59,37.9,Normal
F,20,60,38.1,Good
F,20,61,38.2,Good
F,20,62,38.3,Good
F,20,63,38.5,Good
F,20,64,38.6,Good
F,20,65,38.8,Good
F,20,66,38.9,Good
F,20,67,39.1,Good
F,20,68,39.2,Good
F,20,69,39.4,Good
F,20,70,39.5,Good
F,20,71,39.7,Good
F,20,72,39.8,Good
F,20,73,39.9,Good
F,20,74,40.1,Good
F,20,75,40.2,Good
F,20,76,40.4,Good
F,20,77,40.5,Good
F,20,78,40.7,Good
F,20,79,40.8,Good
F,20,80,41,Excellent
F,20,81,41.2,Excellent
F,20,82,41.4,Excellent
F,20,83,41.5,Excellent
F,20,84,41.7,Excellent
F,20,85,42,Excellent
F,20,86,42.3,Excellent
F,20,87,42.7,Excellent
F,20,88,43.2,Excellent
F,20,89,43.7,Excellent
F,20,90,44.4,Excellent
F,20,91,45.1,Excellent
F,20,92,45.9,Excellent
F,20,93,46.9,Excellent
F,20,94,47.9,Excellent
F,20,95,49,Excellent
F,20,96,55.2,Excellent
F,20,97,61.3,Excellent
F,20,98,67.4,Excellent
F,20,99,73.6,Excellent
F,21,15,17.9,Poor
F,21,16,18.6,Poor
F,21,17,19.4,Poor
F,21,18,20.1,Poor
F,21,19,20.8,Poor
F,21,20,21.5,Fair
F,21,21,22.2,Fair
F,21,22,22.9,Fair
F,21,23,23.7,Fair
F,21,24,24.4,Fair
F,21,25,25.1,Fair
F,21,26,25.8,Fair
F,21,27,26.5,Fair
F,21,28,27.3,Fair
F,21,29,28,Fair
F,21,30,28.7,Fair
F,21,31,29.4,Fair
F,21,32,30.1,Fair
F,21,33,30.8,Fair
F,21,34,31.6,Fair
F,21,35,32.3,Fair
F,21,36,33,Fair
F,21,37,33.7,Fair
F,21,38,34.4,Fair
F,21,39,35.1,Fair
F,21,40,35.9,Normal
F,21,41,35.9,Normal
F,21,42,36,Normal
F,21,43,36.1,Normal
F,21,44,36.2,Normal
F,21,45,36.3,Normal
F,21,46,36.3,Normal
F,21,47,36.4,Normal
F,21,48,36.5,Normal
F,21,49,36.6,Normal
F,21,50,36.7,Normal
F,21,51,36.8,Normal
F,21,52,36.9,Normal
F,21,53,37,Normal
F,21,54,37.1,Normal
F,21,55,37.2,Normal
F,21,56,37.3,Normal
F,21,57,37.5,Normal
F,21,58,37.6,Normal
F,21,59,37.7,Normal
F,21,60,37.9,Good
F,21,61,38,Good
F,21,62,38.1,Good
F,21,63,38.3,Good
F,21,64,38.4,Good
F,21,65,38.6,Good
F,21,66,38.7,Good
F,21,67,38.9,Good
F,21,68,39,Good
F,21,69,39.2,Good
F,21,70,39.3,Good
F,21,71,39.5,Good
F,21,72,39.6,Good
F,21,73,39.7,Good
F,21,74,39.9,Good
F,21,75,40,Good
F,21,76,40.2,Good
F,21,77,40.4,Good
F,21,78,40.5,Good
F,21,79,40.7,Good
F,21,80,40.9,Excellent
F,21,81,41.1,Excellent
F,21,82,41.2,Excellent
F,21,83,41.4,Excellent
F,21,84,41.6,Excellent
F,21,85,41.8,Excellent
F,21,86,42.2,Excellent
F,21,87,42.6,Excellent
F,21,88,43,Excellent
F,21,89,43.6,Excellent
F,21,90,44.3,Excellent
F,21,91,45,Excellent
F,21,92,45.8,Excellent
F,21,93,46.7,Excellent
F,21,94,47.7,Excellent
F,21,95,48.8,Excellent
F,21,96,54.9,Excellent
F,21,97,61,Excellent
F,21,98,67.1,Excellent
F,21,99,73.2,Excellent
F,22,15,17.8,Poor
F,22,16,18.5,Poor
F,22,17,19.3,Poor
F,22,18,20,Poor
F,22,19,20.7,Poor
F,22,20,21.4,Fair
F,22,21,22.1,Fair
F,22,22,22.8,Fair
F,22,23,23.5,Fair
F,22,24,24.3,Fair
F,22,25,25,Fair
F,22,26,25.7,Fair
F,22,27,26.4,Fair
F,22,28,27.1,Fair
F,22,29,27.8,Fair
F,22,30,28.5,Fair
F,22,31,29.2,Fair
F,22,32,30,Fair
F,22,33,30.7,Fair
F,22,34,31.4,Fair
F,22,35,32.1,Fair
F,22,36,32.8,Fair
F,22,37,33.5,Fair
F,22,38,34.2,Fair
F,22,39,34.9,Fair
F,22,40,35.7,Normal
F,22,41,35.7,Normal
F,22,42,35.8,Normal
F,22,43,35.9,Normal
F,22,44,36,Normal
F,22,45,36.1,Normal
F,22,46,36.1,Normal
F,22,47,36.2,Normal
F,22,48,36.3,Normal
F,22,49,36.4,Normal
F,22,50,36.5,Normal
F,22,51,36.6,Normal
F,22,52,36.7,Normal
F,22,53,36.8,Normal
F,22,54,36.9,Normal
F,22,55,37,Normal
F,22,56,37.1,Normal
F,22,57,37.3,Normal
F,22,58,37.4,Normal
F,22,59,37.5,Normal
F,22,60,37.7,Good
F,22,61,37.8,Good
F,22,62,37.9,Good
F,22,63,38.1,Good
F,22,64,38.2,Good
F,22,65,38.4,Good
F,22,66,38.5,Good
F,22,67,38.7,Good
F,22,68,38.8,Good
F,22,69,39,Good
F,22,70,39.1,Good
F,22,71,39.3,Good
F,22,72,39.4,Good
F,22,73,39.6,Good
F,22,74,39.7,Good
F,22,75,39.9,Good
F,22,76,40,Good
F,22,77,40.2,Good
F,22,78,40.4,Good
F,22,79,40.5,Good
F,22,80,40.7,Excellent
F,22,81,40.9,Excellent
F,22,82,41.1,Excellent
F,22,83,41.3,Excellent
F,22,84,41.5,Excellent
F,22,85,41.7,Excellent
F,22,86,42,Excellent
F,22,87,42.4,Excellent
F,22,88,42.9,Excellent
F,22,89,43.5,Excellent
F,22,90,44.1,Excellent
F,22,91,44.9,Excellent
F,22,92,45.7,Excellent
F,22,93,46.5,Excellent
F,22,94,47.5,Excellent
F,22,95,48.6,Excellent
F,22,96,54.7,Excellent
F,22,97,60.8,Excellent
F,22,98,66.8,Excellent
F,22,99,72.9,Excellent
F,23,15,17.7,Poor
F,23,16,18.4,Poor
F,23,17,19.2,Poor
F,23,18,19.9,Poor
F,23,19,20.6,Poor
F,23,20,21.3,Fair
F,23,21,22,Fair
F,23,22,22.7,Fair
F,23,23,23.4,Fair
F,23,24,24.1,Fair
F,23,25,24.8,Fair
F,23,26,25.5,Fair
F,23,27,26.3,Fair
F,23,28,27,Fair
F,23,29,27.7,Fair
F,23,30,28.4,Fair
F,23,31,29.1,Fair
F,23,32,29.8,Fair
F,23,33,30.5,Fair
F,23,34,31.2,Fair
F,23,35,31.9,Fair
F,23,36,32.6,Fair
F,23,37,33.3,Fair
F,23,38,34.1,Fair
F,23,39,34.8,Fair
F,23,40,35.5,Normal
F,23,41,35.6,Normal
F,23,42,35.6,Normal
F,23,43,35.7,Normal
F,23,44,35.8,Normal
F,23,45,35.9,Normal
F,23,46,35.9,Normal
F,23,47,36,Normal
F,23,48,36.1,Normal
F,23,49,36.2,Normal
F,23,50,36.3,Normal
F,23,51,36.4,Normal
F,23,52,36.5,Normal
F,23,53,36.6,Normal
F,23,54,36.7,Normal
F,23,55,36.8,Normal
F,23,56,36.9,Normal
F,23,57,37.1,Normal
F,23,58,37.2,Normal
F,23,59,37.3,Normal
F,23,60,37.5,Good
F,23,61,37.6,Good
F,23,62,37.8,Good
F,23,63,37.9,Good
F,23,64,38,Good
F,23,65,38.2,Good
F,23,66,38.3,Good
F,23,67,38.5,Good
F,23,68,38.6,Good
F,23,69,38.8,Good
F,23,70,38.9,Good
F,23,71,39.1,Good
F,23,72,39.2,Good
F,23,73,39.4,Good
F,23,74,39.5,Good
F,23,75,39.7,Good
F,23,76,39.9,Good
F,23,77,40,Good
F,23,78,40.2,Good
F,23,79,40.4,Good
F,23,80,40.6,Excellent
F,23,81,40.8,Excellent
F,23,82,40.9,Excellent
F,23,83,41.1,Excellent
F,23,84,41.3,Excellent
F,23,85,41.6,Excellent
F,23,86,41.9,Excellent
F,23,87,42.3,Excellent
F,23,88,42.8,Excellent
F,23,89,43.4,Excellent
F,23,90,44,Excellent
F,23,91,44.7,Excellent
F,23,92,45.5,Excellent
F,23,93,46.4,Excellent
F,23,94,47.3,Excellent
F,23,95,48.4,Excellent
F,23,96,54.4,Excellent
F,23,97,60.5,Excellent
F,23,98,66.5,Excellent
F,23,99,72.6,Excellent
F,24,15,17.6,Poor
F,24,16,18.4,Poor
F,24,17,19.1,Poor
F,24,18,19.8,Poor
F,24,19,20.5,Poor
F,24,20,21.2,Fair
F,24,21,21.9,Fair
F,24,22,22.6,Fair
F,24,23,23.3,Fair
F,24,24,24,Fair
F,24,25,24.7,Fair
F,24,26,25.4,Fair
F,24,27,26.1,Fair
F,24,28,26.8,Fair
F,24,29,27.5,Fair
F,24,30,28.2,Fair
F,24,31,28.9,Fair
F,24,32,29.6,Fair
F,24,33,30.4,Fair
F,24,34,31.1,Fair
F,24,35,31.8,Fair
F,24,36,32.5,Fair
F,24,37,33.2,Fair
F,24,38,33.9,Fair
F,24,39,34.6,Fair
F,24,40,35.3,Normal
F,24,41,35.4,Normal
F,24,42,35.5,Normal
F,24,43,35.5,Normal
F,24,44,35.6,Normal
F,24,45,35.7,Normal
F,24,46,35.8,Normal
F,24,47,35.8,Normal
F,24,48,35.9,Normal
F,24,49,36,Normal
F,24,50,36.1,Normal
F,24,51,36.2,Normal
F,24,52,36.3,Normal
F,24,53,36.4,Normal
F,24,54,36.5,Normal
F,24,55,36.6,Normal
F,24,56,36.8,Normal
F,24,57,36.9,Normal
F,24,58,37,Normal
F,24,59,37.2,Normal
F,24,60,37.3,Good
F,24,61,37.4,Good
F,24,62,37.6,Good
F,24,63,37.7,Good
F,24,64,37.9,Good
F,24,65,38,Good
F,24,66,38.2,Good
F,24,67,38.3,Good
F,24,68,38.5,Good
F,24,69,38.6,Good
F,24,70,38.8,Good
F,24,71,38.9,Good
F,24,72,39.1,Good
F,24,73,39.2,Good
F,24,74,39.4,Good
F,24,75,39.5,Good
F,24,76,39.7,Good
F,24,77,39.9,Good
F,24,78,40,Good
F,24,79,40.2,Good
F,24,80,40.4,Excellent
F,24,81,40.6,Excellent
F,24,82,40.8,Excellent
F,24,83,41,Excellent
F,24,84,41.2,Excellent
F,24,85,41.5,Excellent
F,24,86,41.8,Excellent
F,24,87,42.2,Excellent
F,24,88,42.7,Excellent
F,24,89,43.2,Excellent
F,24,90,43.9,Excellent
F,24,91,44.6,Excellent
F,24,92,45.3,Excellent
F,24,93,46.2,Excellent
F,24,94,47.1,Excellent
F,24,95,48.2,Excellent
F,24,96,54.2,Excellent
F,24,97,60.2,Excellent
F,24,98,66.3,Excellent
F,24,99,72.3,Excellent
F,25,15,17.6,Poor
F,25,16,18.3,Poor
F,25,17,19,Poor
F,25,18,19.7,Poor
F,25,19,20.4,Poor
F,25,20,21.1,Fair
F,25,21,21.8,Fair
F,25,22,22.5,Fair
F,25,23,23.2,Fair
F,25,24,23.9,Fair
F,25,25,24.6,Fair
F,25,26,25.3,Fair
F,25,27,26,Fair
F,25,28,26.7,Fair
F,25,29,27.4,Fair
F,25,30,28.1,Fair
F,25,31,28.8,Fair
F,25,32,29.5,Fair
F,25,33,30.2,Fair
F,25,34,30.9,Fair
F,25,35,31.6,Fair
F,25,36,32.3,Fair
F,25,37,33,Fair
F,25,38,33.7,Fair
F,25,39,34.4,Fair
F,25,40,35.1,Normal
F,25,41,35.2,Normal
F,25,42,35.3,Normal
F,25,43,35.4,Normal
F,25,44,35.4,Normal
F,25,45,35.5,Normal
F,25,46,35.6,Normal
F,25,47,35.7,Normal
F,25,48,35.7,Normal
F,25,49,35.8,Normal
F,25,50,35.9,Normal
F,25,51,36,Normal
F,25,52,36.1,Normal
F,25,53,36.2,Normal
F,25,54,36.4,Normal
F,25,55,36.5,Normal
F,25,56,36.6,Normal
F,25,57,36.7,Normal
F,25,58,36.8,Normal
F,25,59,37,Normal
F,25,60,37.1,Good
F,25,61,37.3,Good
F,25,62,37.4,Good
F,25,63,37.5,Good
F,25,64,37.7,Good
F,25,65,37.8,Good
F,25,66,38,Good
F,25,67,38.1,Good
F,25,68,38.3,Good
F,25,69,38.4,Good
F,25,70,38.6,Good
F,25,71,38.7,Good
F,25,72,38.9,Good
F,25,73,39.1,Good
F,25,74,39.2,Good
F,25,75,39.4,Good
F,25,76,39.5,Good
F,25,77,39.7,Good
F,25,78,39.9,Good
F,25,79,40.1,Good
F,25,80,40.2,Excellent
F,25,81,40.4,Excellent
F,25,82,40.6,Excellent
F,25,83,40.8,Excellent
F,25,84,41.1,Excellent
F,25,85,41.3,Excellent
F,25,86,41.6,Excellent
F,25,87,42,Excellent
F,25,88,42.5,Excellent
F,25,89,43.1,Excellent
F,25,90,43.7,Excellent
F,25,91,44.4,Excellent
F,25,92,45.2,Excellent
F,25,93,46,Excellent
F,25,94,46.9,Excellent
F,25,95,48,Excellent
F,25,96,54,Excellent
F,25,97,60,Excellent
F,25,98,66,Excellent
F,25,99,72,Excellent
F,26,15,17.5,Poor
F,26,16,18.2,Poor
F,26,17,18.9,Poor
F,26,18,19.6,Poor
F,26,19,20.3,Poor
F,26,20,21,Fair
F,26,21,21.7,Fair
F,26,22,22.4,Fair
F,26,23,23.1,Fair
F,26,24,23.8,Fair
F,26,25,24.5,Fair
F,26,26,25.2,Fair
F,26,27,25.9,Fair
F,26,28,26.6,Fair
F,26,29,27.3,Fair
F,26,30,28,Fair
F,26,31,28.7,Fair
F,26,32,29.4,Fair
F,26,33,30.1,Fair
F,26,34,30.8,Fair
F,26,35,31.5,Fair
F,26,36,32.2,Fair
F,26,37,32.9,Fair
F,26,38,33.6,Fair
F,26,39,34.3,Fair
F,26,40,35,Normal
F,26,41,35,Normal
F,26,42,35.1,Normal
F,26,43,35.2,Normal
F,26,44,35.3,Normal
F,26,45,35.3,Normal
F,26,46,35.4,Normal
F,26,47,35.5,Normal
F,26,48,35.6,Normal
F,26,49,35.7,Normal
F,26,50,35.8,Normal
F,26,51,35.9,Normal
F,26,52,36,Normal
F,26,53,36.1,Normal
F,26,54,36.2,Normal
F,26,55,36.3,Normal
F,26,56,36.4,Normal
F,26,57,36.6,Normal
F,26,58,36.7,Normal
F,26,59,36.8,Normal
F,26,60,37,Good
F,26,61,37.1,Good
F,26,62,37.2,Good
F,26,63,37.4,Good
F,26,64,37.5,Good
F,26,65,37.7,Good
F,26,66,37.8,Good
F,26,67,38,Good
F,26,68,38.1,Good
F,26,69,38.3,Good
F,26,70,38.4,Good
F,26,71,38.6,Good
F,26,72,38.7,Good
F,26,73,38.9,Good
F,26,74,39,Good
F,26,75,39.2,Good
F,26,76,39.4,Good
F,26,77,39.5,Good
F,26,78,39.7,Good
F,26,79,39.9,Good
F,26,80,40.1,Excellent
F,26,81,40.3,Excellent
F,26,82,40.5,Excellent
F,26,83,40.7,Excellent
F,26,84,40.9,Excellent
F,26,85,41.2,Excellent
F,26,86,41.5,Excellent
F,26,87,41.9,Excellent
F,26,88,42.4,Excellent
F,26,89,42.9,Excellent
F,26,90,43.5,Excellent
F,26,91,44.2,Excellent
F,26,92,45,Excellent
F,26,93,45.8,Excellent
F,26,94,46.8,Excellent
F,26,95,47.8,Excellent
F,26,96,53.7,Excellent
F,26,97,59.7,Excellent
F,26,98,65.7,Excellent
F,26,99,71.7,Excellent
F,27,15,17.4,Poor
F,27,16,18.1,Poor
F,27,17,18.8,Poor
F,27,18,19.5,Poor
F,27,19,20.2,Poor
F,27,20,20.9,Fair
F,27,21,21.6,Fair
F,27,22,22.3,Fair
F,27,23,23,Fair
F,27,24,23.7,Fair
F,27,25,24.4,Fair
F,27,26,25.1,Fair
F,27,27,25.8,Fair
F,27,28,26.5,Fair
F,27,29,27.1,Fair
F,27,30,27.8,Fair
F,27,31,28.5,Fair
F,27,32,29.2,Fair
F,27,33,29.9,Fair
F,27,34,30.6,Fair
F,27,35,31.3,Fair
F,27,36,32,Fair
F,27,37,32.7,Fair
F,27,38,33.4,Fair
F,27,39,34.1,Fair
F,27,40,34.8,Normal
F,27,41,34.9,Normal
F,27,42,35,Normal
F,27,43,35,Normal
F,27,44,35.1,Normal
F,27,45,35.2,Normal
F,27,46,35.3,Normal
F,27,47,35.3,Normal
F,27,48,35.4,Normal
F,27,49,35.5,Normal
F,27,50,35.6,Normal
F,27,51,35.7,Normal
F,27,52,35.8,Normal
F,27,53,35.9,Normal
F,27,54,36,Normal
F,27,55,36.1,Normal
F,27,56,36.3,Normal
F,27,57,36.4,Normal
F,27,58,36.5,Normal
F,27,59,36.7,Normal
F,27,60,36.8,Good
F,27,61,36.9,Good
F,27,62,37.1,Good
F,27,63,37.2,Good
F,27,64,37.4,Good
F,27,65,37.5,Good
F,27,66,37.7,Good
F,27,67,37.8,Good
F,27,68,38,Good
F,27,69,38.1,Good
F,27,70,38.3,Good
F,27,71,38.4,Good
F,27,72,38.6,Good
F,27,73,38.7,Good
F,27,74,38.9,Good
F,27,75,39,Good
F,27,76,39.2,Good
F,27,77,39.4,Good
F,27,78,39.5,Good
F,27,79,39.7,Good
F,27,80,39.9,Excellent
F,27,81,40.1,Excellent
F,27,82,40.3,Excellent
F,27,83,40.5,Excellent
F,27,84,40.7,Excellent
F,27,85,41,Excellent
F,27,86,41.3,Excellent
F,27,87,41.7,Excellent
F,27,88,42.2,Excellent
F,27,89,42.8,Excellent
F,27,90,43.4,Excellent
F,27,91,44,Excellent
F,27,92,44.8,Excellent
F,27,93,45.6,Excellent
F,27,94,46.6,Excellent
F,27,95,47.6,Excellent
F,27,96,53.5,Excellent
F,27,97,59.5,Excellent
F,27,98,65.4,Excellent
F,27,99,71.3,Excellent
F,28,15,17.3,Poor
F,28,16,18,Poor
F,28,17,18.7,Poor
F,28,18,19.4,Poor
F,28,19,20.1,Poor
F,28,20,20.8,Fair
F,28,21,21.5,Fair
F,28,22,22.2,Fair
F,28,23,22.9,Fair
F,28,24,23.6,Fair
F,28,25,24.3,Fair
F,28,26,24.9,Fair
F,28,27,25.6,Fair
F,28,28,26.3,Fair
F,28,29,27,Fair
F,28,30,27.7,Fair
F,28,31,28.4,Fair
F,28,32,29.1,Fair
F,28,33,29.8,Fair
F,28,34,30.5,Fair
F,28,35,31.2,Fair
F,28,36,31.9,Fair
F,28,37,32.6,Fair
F,28,38,33.3,Fair
F,28,39,34,Fair
F,28,40,34.6,Normal
F,28,41,34.7,Normal
F,28,42,34.8,Normal
F,28,43,34.9,Normal
F,28,44,35,Normal
F,28,45,35,Normal
F,28,46,35.1,Normal
F,28,47,35.2,Normal
F,28,48,35.3,Normal
F,28,49,35.3,Normal
F,28,50,35.4,Normal
F,28,51,35.5,Normal
F,28,52,35.6,Normal
F,28,53,35.8,Normal
F,28,54,35.9,Normal
F,28,55,36,Normal
F,28,56,36.1,Normal
F,28,57,36.2,Normal
F,28,58,36.4,Normal
F,28,59,36.5,Normal
F,28,60,36.6,Good
F,28,61,36.8,Good
F,28,62,36.9,Good
F,28,63,37.1,Good
F,28,64,37.2,Good
F,28,65,37.4,Good
F,28,66,37.5,Good
F,28,67,37.7,Good
F,28,68,37.8,Good
F,28,69,38,Good
F,28,70,38.1,Good
F,28,71,38.3,Good
F,28,72,38.4,Good
F,28,73,38.6,Good
F,28,74,38.7,Good
F,28,75,38.9,Good
F,28,76,39,Good
F,28,77,39.2,Good
F,28,78,39.4,Good
F,28,79,39.6,Good
F,28,80,39.8,Excellent
F,28,81,40,Excellent
F,28,82,40.2,Excellent
F,28,83,40.4,Excellent
F,28,84,40.6,Excellent
F,28,85,40.8,Excellent
F,28,86,41.2,Excellent
F,28,87,41.5,Excellent
F,28,88,42,Excellent
F,28,89,42.6,Excellent
F,28,90,43.2,Excellent
F,28,91,43.9,Excellent
F,28,92,44.6,Excellent
F,28,93,45.4,Excellent
F,28,94,46.4,Excellent
F,28,95,47.4,Excellent
F,28,96,53.3,Excellent
F,28,97,59.2,Excellent
F,28,98,65.1,Excellent
F,28,99,71,Excellent
F,29,15,17.3,Poor
F,29,16,17.9,Poor
F,29,17,18.6,Poor
F,29,18,19.3,Poor
F,29,19,20,Poor
F,29,20,20.7,Fair
F,29,21,21.4,Fair
F,29,22,22.1,Fair
F,29,23,22.8,Fair
F,29,24,23.5,Fair
F,29,25,24.2,Fair
F,29,26,24.8,Fair
F,29,27,25.5,Fair
F,29,28,26.2,Fair
F,29,29,26.9,Fair
F,29,30,27.6,Fair
F,29,31,28.3,Fair
F,29,32,29,Fair
F,29,33,29.7,Fair
F,29,34,30.4,Fair
F,29,35,31.1,Fair
F,29,36,31.7,Fair
F,29,37,32.4,Fair
F,29,38,33.1,Fair
F,29,39,33.8,Fair
F,29,40,34.5,Normal
F,29,41,34.6,Normal
F,29,42,34.7,Normal
F,29,43,34.7,Normal
F,29,44,34.8,Normal
F,29,45,34.9,Normal
F,29,46,35,Normal
F,29,47,35,Normal
F,29,48,35.1,Normal
F,29,49,35.2,Normal
F,29,50,35.3,Normal
F,29,51,35.4,Normal
F,29,52,35.5,Normal
F,29,53,35.6,Normal
F,29,54,35.7,Normal
F,29,55,35.8,Normal
F,29,56,36,Normal
F,29,57,36.1,Normal
F,29,58,36.2,Normal
F,29,59,36.4,Normal
F,29,60,36.5,Good
F,29,61,36.6,Good
F,29,62,36.8,Good
F,29,63,36.9,Good
F,29,64,37.1,Good
F,29,65,37.2,Good
F,29,66,37.4,Good
F,29,67,37.5,Good
F,29,68,37.7,Good
F,29,69,37.8,Good
F,29,70,38,Good
F,29,71,38.1,Good
F,29,72,38.3,Good
F,29,73,38.4,Good
F,29,74,38.6,Good
F,29,75,38.7,Good
F,29,76,38.9,Good
F,29,77,39,Good
F,29,78,39.2,Good
F,29,79,39.4,Good
F,29,80,39.6,Excellent
F,29,81,39.8,Excellent
F,29,82,40,Excellent
F,29,83,40.2,Excellent
F,29,84,40.4,Excellent
F,29,85,40.7,Excellent
F,29,86,41,Excellent
F,29,87,41.4,Excellent
F,29,88,41.8,Excellent
F,29,89,42.4,Excellent
F,29,90,43,Excellent
F,29,91,43.7,Excellent
F,29,92,44.4,Excellent
F,29,93,45.2,Excellent
F,29,94,46.2,Excellent
F,29,95,47.2,Excellent
F,29,96,53,Excellent
F,29,97,58.9,Excellent
F,29,98,64.8,Excellent
F,29,99,70.7,Excellent
F,30,15,17.2,Poor
F,30,16,17.9,Poor
F,30,17,18.6,Poor
F,30,18,19.2,Poor
F,30,19,19.9,Poor
F,30,20,20.6,Fair
F,30,21,21.3,Fair
F,30,22,22,Fair
F,30,23,22.7,Fair
F,30,24,23.4,Fair
F,30,25,24,Fair
F,30,26,24.7,Fair
F,30,27,25.4,Fair
F,30,28,26.1,Fair
F,30,29,26.8,Fair
F,30,30,27.5,Fair
F,30,31,28.2,Fair
F,30,32,28.9,Fair
F,30,33,29.5,Fair
F,30,34,30.2,Fair
F,30,35,30.9,Fair
F,30,36,31.6,Fair
F,30,37,32.3,Fair
F,30,38,33,Fair
F,30,39,33.7,Fair
F,30,40,34.4,Normal
F,30,41,34.4,Normal
F,30,42,34.5,Normal
F,30,43,34.6,Normal
F,30,44,34.7,Normal
F,30,45,34.7,Normal
F,30,46,34.8,Normal
F,30,47,34.9,Normal
F,30,48,35,Normal
F,30,49,35.1,Normal
F,30,50,35.2,Normal
F,30,51,35.3,Normal
F,30,52,35.4,Normal
F,30,53,35.5,Normal
F,30,54,35.6,Normal
F,30,55,35.7,Normal
F,30,56,35.8,Normal
F,30,57,36,Normal
F,30,58,36.1,Normal
F,30,59,36.2,Normal
F,30,60,36.4,Good
F,30,61,36.5,Good
F,30,62,36.6,Good
F,30,63,36.8,Good
F,30,64,36.9,Good
F,30,65,37.1,Good
F,30,66,37.2,Good
F,30,67,37.4,Good
F,30,68,37.5,Good
F,30,69,37.7,Good
F,30,70,37.8,Good
F,30,71,38,Good
F,30,72,38.1,Good
F,30,73,38.3,Good
F,30,74,38.4,Good
F,30,75,38.6,Good
F,30,76,38.7,Good
F,30,77,38.9,Good
F,30,78,39.1,Good
F,30,79,39.2,Good
F,30,80,39.4,Excellent
F,30,81,39.6,Excellent
F,30,82,39.8,Excellent
F,30,83,40,Excellent
F,30,84,40.2,Excellent
F,30,85,40.5,Excellent
F,30,86,40.8,Excellent
F,30,87,41.2,Excellent
F,30,88,41.6,Excellent
F,30,89,42.2,Excellent
F,30,90,42.8,Excellent
F,30,91,43.5,Excellent
F,30,92,44.2,Excellent
F,30,93,45,Excellent
F,30,94,45.9,Excellent
F,30,95,46.9,Excellent
F,30,96,52.8,Excellent
F,30,97,58.7,Excellent
F,30,98,64.6,Excellent
F,30,99,70.4,Excellent
F,31,15,17.1,Poor
F,31,16,17.8,Poor
F,31,17,18.5,Poor
F,31,18,19.2,Poor
F,31,19,19.8,Poor
F,31,20,20.5,Fair
F,31,21,21.2,Fair
F,31,22,21.9,Fair
F,31,23,22.6,Fair
F,31,24,23.3,Fair
F,31,25,24,Fair
F,31,26,24.6,Fair
F,31,27,25.3,Fair
F,31,28,26,Fair
F,31,29,26.7,Fair
F,31,30,27.4,Fair
F,31,31,28.1,Fair
F,31,32,28.7,Fair
F,31,33,29.4,Fair
F,31,34,30.1,Fair
F,31,35,30.8,Fair
F,31,36,31.5,Fair
F,31,37,32.2,Fair
F,31,38,32.9,Fair
F,31,39,33.5,Fair
F,31,40,34.2,Normal
F,31,41,34.3,Normal
F,31,42,34.4,Normal
F,31,43,34.5,Normal
F,31,44,34.5,Normal
F,31,45,34.6,Normal
F,31,46,34.7,Normal
F,31,47,34.8,Normal
F,31,48,34.8,Normal
F,31,49,34.9,Normal
F,31,50,35,Normal
F,31,51,35.1,Normal
F,31,52,35.2,Normal
F,31,53,35.3,Normal
F,31,54,35.5,Normal
F,31,55,35.6,Normal
F,31,56,35.7,Normal
F,31,57,35.8,Normal
F,31,58,36,Normal
F,31,59,36.1,Normal
F,31,60,36.2,Good
F,31,61,36.4,Good
F,31,62,36.5,Good
F,31,63,36.6,Good
F,31,64,36.8,Good
F,31,65,36.9,Good
F,31,66,37.1,Good
F,31,67,37.2,Good
F,31,68,37.4,Good
F,31,69,37.5,Good
F,31,70,37.7,Good
F,31,71,37.8,Good
F,31,72,38,Good
F,31,73,38.1,Good
F,31,74,38.3,Good
F,31,75,38.4,Good
F,31,76,38.6,Good
F,31,77,38.7,Good
F,31,78,38.9,Good
F,31,79,39.1,Good
F,31,80,39.3,Excellent
F,31,81,39.4,Excellent
F,31,82,39.6,Excellent
F,31,83,39.8,Excellent
F,31,84,40,Excellent
F,31,85,40.3,Excellent
F,31,86,40.6,Excellent
F,31,87,41,Excellent
F,31,88,41.4,Excellent
F,31,89,42,Excellent
F,31,90,42.6,Excellent
F,31,91,43.2,Excellent
F,31,92,44,Excellent
F,31,93,44.8,Excellent
F,31,94,45.7,Excellent
F,31,95,46.7,Excellent
F,31,96,52.6,Excellent
F,31,97,58.4,Excellent
F,31,98,64.3,Excellent
F,31,99,70.1,Excellent
F,32,15,17,Poor
F,32,16,17.7,Poor
F,32,17,18.4,Poor
F,32,18,19.1,Poor
F,32,19,19.8,Poor
F,32,20,20.5,Fair
F,32,21,21.1,Fair
F,32,22,21.8,Fair
F,32,23,22.5,Fair
F,32,24,23.2,Fair
F,32,25,23.9,Fair
F,32,26,24.5,Fair
F,32,27,25.2,Fair
F,32,28,25.9,Fair
F,32,29,26.6,Fair
F,32,30,27.3,Fair
F,32,31,28,Fair
F,32,32,28.6,Fair
F,32,33,29.3,Fair
F,32,34,30,Fair
F,32,35,30.7,Fair
F,32,36,31.4,Fair
F,32,37,32,Fair
F,32,38,32.7,Fair
F,32,39,33.4,Fair
F,32,40,34.1,Normal
F,32,41,34.2,Normal
F,32,42,34.3,Normal
F,32,43,34.3,Normal
F,32,44,34.4,Normal
F,32,45,34.5,Normal
F,32,46,34.6,Normal
F,32,47,34.6,Normal
F,32,48,34.7,Normal
F,32,49,34.8,Normal
F,32,50,34.9,Normal
F,32,51,35,Normal
F,32,52,35.1,Normal
F,32,53,35.2,Normal
F,32,54,35.3,Normal
F,32,55,35.5,Normal
F,32,56,35.6,Normal
F,32,57,35.7,Normal
F,32,58,35.8,Normal
F,32,59,36,Normal
F,32,60,36.1,Good
F,32,61,36.2,Good
F,32,62,36.4,Good
F,32,63,36.5,Good
F,32,64,36.7,Good
F,32,65,36.8,Good
F,32,66,36.9,Good
F,32,67,37.1,Good
F,32,68,37.2,Good
F,32,69,37.4,Good
F,32,70,37.5,Good
F,32,71,37.7,Good
F,32,72,37.8,Good
F,32,73,38,Good
F,32,74,38.1,Good
F,32,75,38.3,Good
F,32,76,38.4,Good
F,32,77,38.6,Good
F,32,78,38.7,Good
F,32,79,38.9,Good
F,32,80,39.1,Excellent
F,32,81,39.3,Excellent
F,32,82,39.4,Excellent
F,32,83,39.6,Excellent
F,32,84,39.8,Excellent
F,32,85,40.1,Excellent
F,32,86,40.4,Excellent
F,32,87,40.7,Excellent
F,32,88,41.2,Excellent
F,32,89,41.7,Excellent
F,32,90,42.3,Excellent
F,32,91,43,Excellent
F,32,92,43.8,Excellent
F,32,93,44.6,Excellent
F,32,94,45.5,Excellent
F,32,95,46.5,Excellent
F,32,96,52.4,Excellent
F,32,97,58.2,Excellent
F,32,98,64,Excellent
F,32,99,69.8,Excellent
F,33,15,17,Poor
F,33,16,17.7,Poor
F,33,17,18.3,Poor
F,33,18,19,Poor
F,33,19,19.7,Poor
F,33,20,20.4,Fair
F,33,21,21.1,Fair
F,33,22,21.7,Fair
F,33,23,22.4,Fair
F,33,24,23.1,Fair
F,33,25,23.8,Fair
F,33,26,24.5,Fair
F,33,27,25.1,Fair
F,33,28,25.8,Fair
F,33,29,26.5,Fair
F,33,30,27.2,Fair
F,33,31,27.8,Fair
F,33,32,28.5,Fair
F,33,33,29.2,Fair
F,33,34,29.9,Fair
F,33,35,30.6,Fair
F,33,36,31.2,Fair
F,33,37,31.9,Fair
F,33,38,32.6,Fair
F,33,39,33.3,Fair
F,33,40,34,Normal
F,33,41,34,Normal
F,33,42,34.1,Normal
F,33,43,34.2,Normal
F,33,44,34.3,Normal
F,33,45,34.4,Normal
F,33,46,34.4,Normal
F,33,47,34.5,Normal
F,33,48,34.6,Normal
F,33,49,34.7,Normal
F,33,50,34.8,Normal
F,33,51,34.9,Normal
F,33,52,35,Normal
F,33,53,35.1,Normal
F,33,54,35.2,Normal
F,33,55,35.3,Normal
F,33,56,35.5,Normal
F,33,57,35.6,Normal
F,33,58,35.7,Normal
F,33,59,35.8,Normal
F,33,60,36,Good
F,33,61,36.1,Good
F,33,62,36.2,Good
F,33,63,36.4,Good
F,33,64,36.5,Good
F,33,65,36.7,Good
F,33,66,36.8,Good
F,33,67,37,Good
F,33,68,37.1,Good
F,33,69,37.2,Good
F,33,70,37.4,Good
F,33,71,37.5,Good
F,33,72,37.7,Good
F,33,73,37.8,Good
F,33,74,38,Good
F,33,75,38.1,Good
F,33,76,38.3,Good
F,33,77,38.4,Good
F,33,78,38.6,Good
F,33,79,38.7,Good
F,33,80,38.9,Excellent
F,33,81,39.1,Excellent
F,33,82,39.2,Excellent
F,33,83,39.4,Excellent
F,33,84,39.6,Excellent
F,33,85,39.8,Excellent
F,33,86,40.1,Excellent
F,33,87,40.5,Excellent
F,33,88,41,Excellent
F,33,89,41.5,Excellent
F,33,90,42.1,Excellent
F,33,91,42.8,Excellent
F,33,92,43.5,Excellent
F,33,93,44.4,Excellent
F,33,94,45.3,Excellent
F,33,95,46.3,Excellent
F,33,96,52.1,Excellent
F,33,97,57.9,Excellent
F,33,98,63.7,Excellent
F,33,99,69.5,Excellent
F,34,15,16.9,Poor
F,34,16,17.6,Poor
F,34,17,18.3,Poor
F,34,18,18.9,Poor
F,34,19,19.6,Poor
F,34,20,20.3,Fair
F,34,21,21,Fair
F,34,22,21.7,Fair
F,34,23,22.3,Fair
F,34,24,23,Fair
F,34,25,23.7,Fair
F,34,26,24.4,Fair
F,34,27,25,Fair
F,34,28,25.7,Fair
F,34,29,26.4,Fair
F,34,30,27.1,Fair
F,34,31,27.7,Fair
F,34,32,28.4,Fair
F,34,33,29.1,Fair
F,34,34,29.8,Fair
F,34,35,30.5,Fair
F,34,36,31.1,Fair
F,34,37,31.8,Fair
F,34,38,32.5,Fair
F,34,39,33.2,Fair
F,34,40,33.8,Normal
F,34,41,33.9,Normal
F,34,42,34,Normal
F,34,43,34.1,Normal
F,34,44,34.2,Normal
F,34,45,34.3,Normal
F,34,46,34.3,Normal
F,34,47,34.4,Normal
F,34,48,34.5,Normal
F,34,49,34.6,Normal
F,34,50,34.7,Normal
F,34,51,34.8,Normal
F,34,52,34.9,Normal
F,34,53,35,Normal
F,34,54,35.1,Normal
F,34,55,35.2,Normal
F,34,56,35.3,Normal
F,34,57,35.5,Normal
F,34,58,35.6,Normal
F,34,59,35.7,Normal
F,34,60,35.9,Good
F,34,61,36,Good
F,34,62,36.1,Good
F,34,63,36.3,Good
F,34,64,36.4,Good
F,34,65,36.5,Good
F,34,66,36.7,Good
F,34,67,36.8,Good
F,34,68,37,Good
F,34,69,37.1,Good
F,34,70,37.3,Good
F,34,71,37.4,Good
F,34,72,37.5,Good
F,34,73,37.7,Good
F,34,74,37.8,Good
F,34,75,38,Good
F,34,76,38.1,Good
F,34,77,38.2,Good
F,34,78,38.4,Good
F,34,79,38.5,Good
F,34,80,38.7,Excellent
F,34,81,38.9,Excellent
F,34,82,39.1,Excellent
F,34,83,39.2,Excellent
F,34,84,39.4,Excellent
F,34,85,39.6,Excellent
F,34,86,39.9,Excellent
F,34,87,40.3,Excellent
F,34,88,40.7,Excellent
F,34,89,41.3,Excellent
F,34,90,41.9,Excellent
F,34,91,42.5,Excellent
F,34,92,43.3,Excellent
F,34,93,44.1,Excellent
F,34,94,45.1,Excellent
F,34,95,46.1,Excellent
F,34,96,51.9,Excellent
F,34,97,57.7,Excellent
F,34,98,63.4,Excellent
F,34,99,69.2,Excellent
F,35,15,16.9,Poor
F,35,16,17.5,Poor
F,35,17,18.2,Poor
F,35,18,18.9,Poor
F,35,19,19.6,Poor
F,35,20,20.2,Fair
F,35,21,20.9,Fair
F,35,22,21.6,Fair
F,35,23,22.2,Fair
F,35,24,22.9,Fair
F,35,25,23.6,Fair
F,35,26,24.3,Fair
F,35,27,24.9,Fair
F,35,28,25.6,Fair
F,35,29,26.3,Fair
F,35,30,27,Fair
F,35,31,27.6,Fair
F,35,32,28.3,Fair
F,35,33,29,Fair
F,35,34,29.7,Fair
F,35,35,30.3,Fair
F,35,36,31,Fair
F,35,37,31.7,Fair
F,35,38,32.4,Fair
F,35,39,33,Fair
F,35,40,33.7,Normal
F,35,41,33.8,Normal
F,35,42,33.9,Normal
F,35,43,34,Normal
F,35,44,34,Normal
F,35,45,34.1,Normal
F,35,46,34.2,Normal
F,35,47,34.3,Normal
F,35,48,34.4,Normal
F,35,49,34.5,Normal
F,35,50,34.6,Normal
F,35,51,34.7,Normal
F,35,52,34.8,Normal
F,35,53,34.9,Normal
F,35,54,35,Normal
F,35,55,35.1,Normal
F,35,56,35.2,Normal
F,35,57,35.4,Normal
F,35,58,35.5,Normal
F,35,59,35.6,Normal
F,35,60,35.7,Good
F,35,61,35.9,Good
F,35,62,36,Good
F,35,63,36.1,Good
F,35,64,36.3,Good
F,35,65,36.4,Good
F,35,66,36.6,Good
F,35,67,36.7,Good
F,35,68,36.8,Good
F,35,69,37,Good
F,35,70,37.1,Good
F,35,71,37.3,Good
F,35,72,37.4,Good
F,35,73,37.5,Good
F,35,74,37.7,Good
F,35,75,37.8,Good
F,35,76,37.9,Good
F,35,77,38.1,Good
F,35,78,38.2,Good
F,35,79,38.4,Good
F,35,80,38.5,Excellent
F,35,81,38.7,Excellent
F,35,82,38.8,Excellent
F,35,83,39,Excellent
F,35,84,39.2,Excellent
F,35,85,39.4,Excellent
F,35,86,39.7,Excellent
F,35,87,40,Excellent
F,35,88,40.5,Excellent
F,35,89,41,Excellent
F,35,90,41.6,Excellent
F,35,91,42.3,Excellent
F,35,92,43.1,Excellent
F,35,93,43.9,Excellent
F,35,94,44.9,Excellent
F,35,95,45.9,Excellent
F,35,96,51.7,Excellent
F,35,97,57.4,Excellent
F,35,98,63.1,Excellent
F,35,99,68.9,Excellent
F,36,15,16.8,Poor
F,36,16,17.5,Poor
F,36,17,18.1,Poor
F,36,18,18.8,Poor
F,36,19,19.5,Poor
F,36,20,20.1,Fair
F,36,21,20.8,Fair
F,36,22,21.5,Fair
F,36,23,22.2,Fair
F,36,24,22.8,Fair
F,36,25,23.5,Fair
F,36,26,24.2,Fair
F,36,27,24.8,Fair
F,36,28,25.5,Fair
F,36,29,26.2,Fair
F,36,30,26.9,Fair
F,36,31,27.5,Fair
F,36,32,28.2,Fair
F,36,33,28.9,Fair
F,36,34,29.5,Fair
F,36,35,30.2,Fair
F,36,36,30.9,Fair
F,36,37,31.6,Fair
F,36,38,32.2,Fair
F,36,39,32.9,Fair
F,36,40,33.6,Normal
F,36,41,33.7,Normal
F,36,42,33.8,Normal
F,36,43,33.8,Normal
F,36,44,33.9,Normal
F,36,45,34,Normal
F,36,46,34.1,Normal
F,36,47,34.2,Normal
F,36,48,34.3,Normal
F,36,49,34.4,Normal
F,36,50,34.4,Normal
F,36,51,34.6,Normal
F,36,52,34.7,Normal
F,36,53,34.8,Normal
F,36,54,34.9,Normal
F,36,55,35,Normal
F,36,56,35.1,Normal
F,36,57,35.2,Normal
F,36,58,35.4,Normal
F,36,59,35.5,Normal
F,36,60,35.6,Good
F,36,61,35.7,Good
F,36,62,35.9,Good
F,36,63,36,Good
F,36,64,36.1,Good
F,36,65,36.3,Good
F,36,66,36.4,Good
F,36,67,36.6,Good
F,36,68,36.7,Good
F,36,69,36.8,Good
F,36,70,37,Good
F,36,71,37.1,Good
F,36,72,37.2,Good
F,36,73,37.4,Good
F,36,74,37.5,Good
F,36,75,37.6,Good
F,36,76,37.8,Good
F,36,77,37.9,Good
F,36,78,38,Good
F,36,79,38.2,Good
F,36,80,38.3,Excellent
F,36,81,38.5,Excellent
F,36,82,38.6,Excellent
F,36,83,38.8,Excellent
F,36,84,38.9,Excellent
F,36,85,39.1,Excellent
F,36,86,39.4,Excellent
F,36,87,39.8,Excellent
F,36,88,40.2,Excellent
F,36,89,40.8,Excellent
F,36,90,41.4,Excellent
F,36,91,42,Excellent
F,36,92,42.8,Excellent
F,36,93,43.7,Excellent
F,36,94,44.6,Excellent
F,36,95,45.7,Excellent
F,36,96,51.4,Excellent
F,36,97,57.1,Excellent
F,36,98,62.8,Excellent
F,36,99,68.5,Excellent
F,37,15,16.7,Poor
F,37,16,17.4,Poor
F,37,17,18.1,Poor
F,37,18,18.7,Poor
F,37,19,19.4,Poor
F,37,20,20.1,Fair
F,37,21,20.7,Fair
F,37,22,21.4,Fair
F,37,23,22.1,Fair
F,37,24,22.7,Fair
F,37,25,23.4,Fair
F,37,26,24.1,Fair
F,37,27,24.7,Fair
F,37,28,25.4,Fair
F,37,29,26.1,Fair
F,37,30,26.7,Fair
F,37,31,27.4,Fair
F,37,32,28.1,Fair
F,37,33,28.8,Fair
F,37,34,29.4,Fair
F,37,35,30.1,Fair
F,37,36,30.8,Fair
F,37,37,31.4,Fair
F,37,38,32.1,Fair
F,37,39,32.8,Fair
F,37,40,33.4,Normal
F,37,41,33.5,Normal
F,37,42,33.6,Normal
F,37,43,33.7,Normal
F,37,44,33.8,Normal
F,37,45,33.9,Normal
F,37,46,34,Normal
F,37,47,34,Normal
F,37,48,34.1,Normal
F,37,49,34.2,Normal
F,37,50,34.3,Normal
F,37,51,34.4,Normal
F,37,52,34.5,Normal
F,37,53,34.6,Normal
F,37,54,34.7,Normal
F,37,55,34.9,Normal
F,37,56,35,Normal
F,37,57,35.1,Normal
F,37,58,35.2,Normal
F,37,59,35.3,Normal
F,37,60,35.5,Good
F,37,61,35.6,Good
F,37,62,35.7,Good
F,37,63,35.9,Good
F,37,64,36,Good
F,37,65,36.1,Good
F,37,66,36.3,Good
F,37,67,36.4,Good
F,37,68,36.5,Good
F,37,69,36.7,Good
F,37,70,36.8,Good
F,37,71,36.9,Good
F,37,72,37.1,Good
F,37,73,37.2,Good
F,37,74,37.3,Good
F,37,75,37.5,Good
F,37,76,37.6,Good
F,37,77,37.7,Good
F,37,78,37.8,Good
F,37,79,38,Good
F,37,80,38.1,Excellent
F,37,81,38.3,Excellent
F,37,82,38.4,Excellent
F,37,83,38.6,Excellent
F,37,84,38.7,Excellent
F,37,85,38.9,Excellent
F,37,86,39.2,Excellent
F,37,87,39.5,Excellent
F,37,88,40,Excellent
F,37,89,40.5,Excellent
F,37,90,41.1,Excellent
F,37,91,41.8,Excellent
F,37,92,42.5,Excellent
F,37,93,43.4,Excellent
F,37,94,44.4,Excellent
F,37,95,45.4,Excellent
F,37,96,51.1,Excellent
F,37,97,56.8,Excellent
F,37,98,62.5,Excellent
F,37,99,68.2,Excellent
F,38,15,16.6,Poor
F,38,16,17.3,Poor
F,38,17,18,Poor
F,38,18,18.6,Poor
F,38,19,19.3,Poor
F,38,20,20,Fair
F,38,21,20.6,Fair
F,38,22,21.3,Fair
F,38,23,22,Fair
F,38,24,22.6,Fair
F,38,25,23.3,Fair
F,38,26,24,Fair
F,38,27,24.6,Fair
F,38,28,25.3,Fair
F,38,29,26,Fair
F,38,30,26.6,Fair
F,38,31,27.3,Fair
F,38,32,27.9,Fair
F,38,33,28.6,Fair
F,38,34,29.3,Fair
F,38,35,29.9,Fair
F,38,36,30.6,Fair
F,38,37,31.3,Fair
F,38,38,31.9,Fair
F,38,39,32.6,Fair
F,38,40,33.3,Normal
F,38,41,33.4,Normal
F,38,42,33.5,Normal
F,38,43,33.5,Normal
F,38,44,33.6,Normal
F,38,45,33.7,Normal
F,38,46,33.8,Normal
F,38,47,33.9,Normal
F,38,48,34,Normal
F,38,49,34.1,Normal
F,38,50,34.2,Normal
F,38,51,34.3,Normal
F,38,52,34.4,Normal
F,38,53,34.5,Normal
F,38,54,34.6,Normal
F,38,55,34.7,Normal
F,38,56,34.8,Normal
F,38,57,34.9,Normal
F,38,58,35.1,Normal
F,38,59,35.2,Normal
F,38,60,35.3,Good
F,38,61,35.4,Good
F,38,62,35.6,Good
F,38,63,35.7,Good
F,38,64,35.8,Good
F,38,65,36,Good
F,38,66,36.1,Good
F,38,67,36.2,Good
F,38,68,36.4,Good
F,38,69,36.5,Good
F,38,70,36.6,Good
F,38,71,36.8,Good
F,38,72,36.9,Good
F,38,73,37,Good
F,38,74,37.1,Good
F,38,75,37.3,Good
F,38,76,37.4,Good
F,38,77,37.5,Good
F,38,78,37.6,Good
F,38,79,37.8,Good
F,38,80,37.9,Excellent
F,38,81,38.1,Excellent
F,38,82,38.2,Excellent
F,38,83,38.3,Excellent
F,38,84,38.5,Excellent
F,38,85,38.6,Excellent
F,38,86,38.9,Excellent
F,38,87,39.2,Excellent
F,38,88,39.7,Excellent
F,38,89,40.2,Excellent
F,38,90,40.8,Excellent
F,38,91,41.5,Excellent
F,38,92,42.3,Excellent
F,38,93,43.1,Excellent
F,38,94,44.1,Excellent
F,38,95,45.2,Excellent
F,38,96,50.8,Excellent
F,38,97,56.5,Excellent
F,38,98,62.1,Excellent
F,38,99,67.8,Excellent
F,39,15,16.5,Poor
F,39,16,17.2,Poor
F,39,17,17.9,Poor
F,39,18,18.5,Poor
F,39,19,19.2,Poor
F,39,20,19.9,Fair
F,39,21,20.5,Fair
F,39,22,21.2,Fair
F,39,23,21.8,Fair
F,39,24,22.5,Fair
F,39,25,23.2,Fair
F,39,26,23.8,Fair
F,39,27,24.5,Fair
F,39,28,25.2,Fair
F,39,29,25.8,Fair
F,39,30,26.5,Fair
F,39,31,27.1,Fair
F,39,32,27.8,Fair
F,39,33,28.5,Fair
F,39,34,29.1,Fair
F,39,35,29.8,Fair
F,39,36,30.4,Fair
F,39,37,31.1,Fair
F,39,38,31.8,Fair
F,39,39,32.4,Fair
F,39,40,33.1,Normal
F,39,41,33.2,Normal
F,39,42,33.3,Normal
F,39,43,33.4,Normal
F,39,44,33.5,Normal
F,39,45,33.5,Normal
F,39,46,33.6,Normal
F,39,47,33.7,Normal
F,39,48,33.8,Normal
F,39,49,33.9,Normal
F,39,50,34,Normal
F,39,51,34.1,Normal
F,39,52,34.2,Normal
F,39,53,34.3,Normal
F,39,54,34.4,Normal
F,39,55,34.5,Normal
F,39,56,34.6,Normal
F,39,57,34.8,Normal
F,39,58,34.9,Normal
F,39,59,35,Normal
F,39,60,35.1,Good
F,39,61,35.3,Good
F,39,62,35.4,Good
F,39,63,35.5,Good
F,39,64,35.6,Good
F,39,65,35.8,Good
F,39,66,35.9,Good
F,39,67,36,Good
F,39,68,36.2,Good
F,39,69,36.3,Good
F,39,70,36.4,Good
F,39,71,36.6,Good
F,39,72,36.7,Good
F,39,73,36.8,Good
F,39,74,36.9,Good
F,39,75,37,Good
F,39,76,37.2,Good
F,39,77,37.3,Good
F,39,78,37.4,Good
F,39,79,37.5,Good
F,39,80,37.7,Excellent
F,39,81,37.8,Excellent
F,39,82,37.9,Excellent
F,39,83,38.1,Excellent
F,39,84,38.2,Excellent
F,39,85,38.4,Excellent
F,39,86,38.6,Excellent
F,39,87,39,Excellent
F,39,88,39.4,Excellent
F,39,89,39.9,Excellent
F,39,90,40.5,Excellent
F,39,91,41.2,Excellent
F,39,92,42,Excellent
F,39,93,42.8,Excellent
F,39,94,43.8,Excellent
F,39,95,44.9,Excellent
F,39,96,50.5,Excellent
F,39,97,56.1,Excellent
F,39,98,61.7,Excellent
F,39,99,67.4,Excellent
F,40,15,16.4,Poor
F,40,16,17.1,Poor
F,40,17,17.8,Poor
F,40,18,18.4,Poor
F,40,19,19.1,Poor
F,40,20,19.7,Fair
F,40,21,20.4,Fair
F,40,22,21.1,Fair
F,40,23,21.7,Fair
F,40,24,22.4,Fair
F,40,25,23,Fair
F,40,26,23.7,Fair
F,40,27,24.3,Fair
F,40,28,25,Fair
F,40,29,25.7,Fair
F,40,30,26.3,Fair
F,40,31,27,Fair
F,40,32,27.6,Fair
F,40,33,28.3,Fair
F,40,34,29,Fair
F,40,35,29.6,Fair
F,40,36,30.3,Fair
F,40,37,30.9,Fair
F,40,38,31.6,Fair
F,40,39,32.2,Fair
F,40,40,32.9,Normal
F,40,41,33,Normal
F,40,42,33.1,Normal
F,40,43,33.2,Normal
F,40,44,33.3,Normal
F,40,45,33.3,Normal
F,40,46,33.4,Normal
F,40,47,33.5,Normal
F,40,48,33.6,Normal
F,40,49,33.7,Normal
F,40,50,33.8,Normal
F,40,51,33.9,Normal
F,40,52,34,Normal
F,40,53,34.1,Normal
F,40,54,34.2,Normal
F,40,55,34.3,Normal
F,40,56,34.4,Normal
F,40,57,34.6,Normal
F,40,58,34.7,Normal
F,40,59,34.8,Normal
F,40,60,34.9,Good
F,40,61,35,Good
F,40,62,35.2,Good
F,40,63,35.3,Good
F,40,64,35.4,Good
F,40,65,35.6,Good
F,40,66,35.7,Good
F,40,67,35.8,Good
F,40,68,36,Good
F,40,69,36.1,Good
F,40,70,36.2,Good
F,40,71,36.3,Good
F,40,72,36.5,Good
F,40,73,36.6,Good
F,40,74,36.7,Good
F,40,75,36.8,Good
F,40,76,36.9,Good
F,40,77,37.1,Good
F,40,78,37.2,Good
F,40,79,37.3,Good
F,40,80,37.4,Excellent
F,40,81,37.6,Excellent
F,40,82,37.7,Excellent
F,40,83,37.8,Excellent
F,40,84,37.9,Excellent
F,40,85,38.1,Excellent
F,40,86,38.4,Excellent
F,40,87,38.7,Excellent
F,40,88,39.1,Excellent
F,40,89,39.7,Excellent
F,40,90,40.2,Excellent
F,40,91,40.9,Excellent
F,40,92,41.7,Excellent
F,40,93,42.5,Excellent
F,40,94,43.5,Excellent
F,40,95,44.6,Excellent
F,40,96,50.2,Excellent
F,40,97,55.8,Excellent
F,40,98,61.3,Excellent
F,40,99,66.9,Excellent
F,41,15,16.3,Poor
F,41,16,17,Poor
F,41,17,17.6,Poor
F,41,18,18.3,Poor
F,41,19,19,Poor
F,41,20,19.6,Fair
F,41,21,20.3,Fair
F,41,22,20.9,Fair
F,41,23,21.6,Fair
F,41,24,22.2,Fair
F,41,25,22.9,Fair
F,41,26,23.5,Fair
F,41,27,24.2,Fair
F,41,28,24.8,Fair
F,41,29,25.5,Fair
F,41,30,26.1,Fair
F,41,31,26.8,Fair
F,41,32,27.5,Fair
F,41,33,28.1,Fair
F,41,34,28.8,Fair
F,41,35,29.4,Fair
F,41,36,30.1,Fair
F,41,37,30.7,Fair
F,41,38,31.4,Fair
F,41,39,32,Fair
F,41,40,32.7,Normal
F,41,41,32.8,Normal
F,41,42,32.9,Normal
F,41,43,32.9,Normal
F,41,44,33,Normal
F,41,45,33.1,Normal
F,41,46,33.2,Normal
F,41,47,33.3,Normal
F,41,48,33.4,Normal
F,41,49,33.5,Normal
F,41,50,33.6,Normal
F,41,51,33.7,Normal
F,41,52,33.8,Normal
F,41,53,33.9,Normal
F,41,54,34,Normal
F,41,55,34.1,Normal
F,41,56,34.2,Normal
F,41,57,34.3,Normal
F,41,58,34.4,Normal
F,41,59,34.6,Normal
F,41,60,34.7,Good
F,41,61,34.8,Good
F,41,62,34.9,Good
F,41,63,35.1,Good
F,41,64,35.2,Good
F,41,65,35.3,Good
F,41,66,35.5,Good
F,41,67,35.6,Good
F,41,68,35.7,Good
F,41,69,35.8,Good
F,41,70,36,Good
F,41,71,36.1,Good
F,41,72,36.2,Good
F,41,73,36.3,Good
F,41,74,36.4,Good
F,41,75,36.6,Good
F,41,76,36.7,Good
F,41,77,36.8,Good
F,41,78,36.9,Good
F,41,79,37,Good
F,41,80,37.2,Excellent
F,41,81,37.3,Excellent
F,41,82,37.4,Excellent
F,41,83,37.5,Excellent
F,41,84,37.7,Excellent
F,41,85,37.8,Excellent
F,41,86,38.1,Excellent
F,41,87,38.4,Excellent
F,41,88,38.8,Excellent
F,41,89,39.4,Excellent
F,41,90,39.9,Excellent
F,41,91,40.6,Excellent
F,41,92,41.4,Excellent
F,41,93,42.2,Excellent
F,41,94,43.2,Excellent
F,41,95,44.3,Excellent
F,41,96,49.8,Excellent
F,41,97,55.3,Excellent
F,41,98,60.9,Excellent
F,41,99,66.4,Excellent
F,42,15,16.2,Poor
F,42,16,16.9,Poor
F,42,17,17.5,Poor
F,42,18,18.2,Poor
F,42,19,18.8,Poor
F,42,20,19.5,Fair
F,42,21,20.1,Fair
F,42,22,20.8,Fair
F,42,23,21.4,Fair
F,42,24,22.1,Fair
F,42,25,22.7,Fair
F,42,26,23.4,Fair
F,42,27,24,Fair
F,42,28,24.7,Fair
F,42,29,25.3,Fair
F,42,30,26,Fair
F,42,31,26.6,Fair
F,42,32,27.2,Fair
F,42,33,27.9,Fair
F,42,34,28.5,Fair
F,42,35,29.2,Fair
F,42,36,29.8,Fair
F,42,37,30.5,Fair
F,42,38,31.1,Fair
F,42,39,31.8,Fair
F,42,40,32.4,Normal
F,42,41,32.5,Normal
F,42,42,32.6,Normal
F,42,43,32.7,Normal
F,42,44,32.8,Normal
F,42,45,32.9,Normal
F,42,46,33,Normal
F,42,47,33,Normal
F,42,48,33.1,Normal
F,42,49,33.2,Normal
F,42,50,33.3,Normal
F,42,51,33.4,Normal
F,42,52,33.5,Normal
F,42,53,33.6,Normal
F,42,54,33.7,Normal
F,42,55,33.9,Normal
F,42,56,34,Normal
F,42,57,34.1,Normal
F,42,58,34.2,Normal
F,42,59,34.3,Normal
F,42,60,34.4,Good
F,42,61,34.6,Good
F,42,62,34.7,Good
F,42,63,34.8,Good
F,42,64,34.9,Good
F,42,65,35.1,Good
F,42,66,35.2,Good
F,42,67,35.3,Good
F,42,68,35.4,Good
F,42,69,35.6,Good
F,42,70,35.7,Good
F,42,71,35.8,Good
F,42,72,35.9,Good
F,42,73,36.1,Good
F,42,74,36.2,Good
F,42,75,36.3,Good
F,42,76,36.4,Good
F,42,77,36.5,Good
F,42,78,36.6,Good
F,42,79,36.8,Good
F,42,80,36.9,Excellent
F,42,81,37,Excellent
F,42,82,37.1,Excellent
F,42,83,37.3,Excellent
F,42,84,37.4,Excellent
F,42,85,37.6,Excellent
F,42,86,37.8,Excellent
F,42,87,38.1,Excellent
F,42,88,38.5,Excellent
F,42,89,39.1,Excellent
F,42,90,39.6,Excellent
F,42,91,40.3,Excellent
F,42,92,41.1,Excellent
F,42,93,41.9,Excellent
F,42,94,42.9,Excellent
F,42,95,43.9,Excellent
F,42,96,49.4,Excellent
F,42,97,54.9,Excellent
F,42,98,60.4,Excellent
F,42,99,65.9,Excellent
F,43,15,16.1,Poor
F,43,16,16.7,Poor
F,43,17,17.4,Poor
F,43,18,18,Poor
F,43,19,18.7,Poor
F,43,20,19.3,Fair
F,43,21,20,Fair
F,43,22,20.6,Fair
F,43,23,21.2,Fair
F,43,24,21.9,Fair
F,43,25,22.5,Fair
F,43,26,23.2,Fair
F,43,27,23.8,Fair
F,43,28,24.5,Fair
F,43,29,25.1,Fair
F,43,30,25.7,Fair
F,43,31,26.4,Fair
F,43,32,27,Fair
F,43,33,27.7,Fair
F,43,34,28.3,Fair
F,43,35,29,Fair
F,43,36,29.6,Fair
F,43,37,30.3,Fair
F,43,38,30.9,Fair
F,43,39,31.5,Fair
F,43,40,32.2,Normal
F,43,41,32.3,Normal
F,43,42,32.4,Normal
F,43,43,32.4,Normal
F,43,44,32.5,Normal
F,43,45,32.6,Normal
F,43,46,32.7,Normal
F,43,47,32.8,Normal
F,43,48,32.9,Normal
F,43,49,33,Normal
F,43,50,33.1,Normal
F,43,51,33.2,Normal
F,43,52,33.3,Normal
F,43,53,33.4,Normal
F,43,54,33.5,Normal
F,43,55,33.6,Normal
F,43,56,33.7,Normal
F,43,57,33.8,Normal
F,43,58,33.9,Normal
F,43,59,34,Normal
F,43,60,34.1,Good
F,43,61,34.3,Good
F,43,62,34.4,Good
F,43,63,34.5,Good
F,43,64,34.6,Good
F,43,65,34.8,Good
F,43,66,34.9,Good
F,43,67,35,Good
F,43,68,35.2,Good
F,43,69,35.3,Good
F,43,70,35.4,Good
F,43,71,35.5,Good
F,43,72,35.6,Good
F,43,73,35.8,Good
F,43,74,35.9,Good
F,43,75,36,Good
F,43,76,36.1,Good
F,43,77,36.2,Good
F,43,78,36.3,Good
F,43,79,36.5,Good
F,43,80,36.6,Excellent
F,43,81,36.7,Excellent
F,43,82,36.9,Excellent
F,43,83,37,Excellent
F,43,84,37.1,Excellent
F,43,85,37.3,Excellent
F,43,86,37.5,Excellent
F,43,87,37.8,Excellent
F,43,88,38.3,Excellent
F,43,89,38.8,Excellent
F,43,90,39.3,Excellent
F,43,91,40,Excellent
F,43,92,40.7,Excellent
F,43,93,41.6,Excellent
F,43,94,42.5,Excellent
F,43,95,43.6,Excellent
F,43,96,49,Excellent
F,43,97,54.4,Excellent
F,43,98,59.9,Excellent
F,43,99,65.3,Excellent
F,44,15,16,Poor
F,44,16,16.6,Poor
F,44,17,17.2,Poor
F,44,18,17.9,Poor
F,44,19,18.5,Poor
F,44,20,19.1,Fair
F,44,21,19.8,Fair
F,44,22,20.4,Fair
F,44,23,21.1,Fair
F,44,24,21.7,Fair
F,44,25,22.3,Fair
F,44,26,23,Fair
F,44,27,23.6,Fair
F,44,28,24.2,Fair
F,44,29,24.9,Fair
F,44,30,25.5,Fair
F,44,31,26.2,Fair
F,44,32,26.8,Fair
F,44,33,27.4,Fair
F,44,34,28.1,Fair
F,44,35,28.7,Fair
F,44,36,29.4,Fair
F,44,37,30,Fair
F,44,38,30.6,Fair
F,44,39,31.3,Fair
F,44,40,31.9,Normal
F,44,41,32,Normal
F,44,42,32.1,Normal
F,44,43,32.2,Normal
F,44,44,32.2,Normal
F,44,45,32.3,Normal
F,44,46,32.4,Normal
F,44,47,32.5,Normal
F,44,48,32.6,Normal
F,44,49,32.7,Normal
F,44,50,32.8,Normal
F,44,51,32.9,Normal
F,44,52,33,Normal
F,44,53,33.1,Normal
F,44,54,33.2,Normal
F,44,55,33.3,Normal
F,44,56,33.4,Normal
F,44,57,33.5,Normal
F,44,58,33.6,Normal
F,44,59,33.7,Normal
F,44,60,33.8,Good
F,44,61,34,Good
F,44,62,34.1,Good
F,44,63,34.2,Good
F,44,64,34.3,Good
F,44,65,34.5,Good
F,44,66,34.6,Good
F,44,67,34.7,Good
F,44,68,34.8,Good
F,44,69,35,Good
F,44,70,35.1,Good
F,44,71,35.2,Good
F,44,72,35.3,Good
F,44,73,35.5,Good
F,44,74,35.6,Good
F,44,75,35.7,Good
F,44,76,35.8,Good
F,44,77,35.9,Good
F,44,78,36,Good
F,44,79,36.2,Good
F,44,80,36.3,Excellent
F,44,81,36.4,Excellent
F,44,82,36.6,Excellent
F,44,83,36.7,Excellent
F,44,84,36.8,Excellent
F,44,85,37,Excellent
F,44,86,37.2,Excellent
F,44,87,37.6,Excellent
F,44,88,38,Excellent
F,44,89,38.5,Excellent
F,44,90,39,Excellent
F,44,91,39.7,Excellent
F,44,92,40.4,Excellent
F,44,93,41.2,Excellent
F,44,94,42.2,Excellent
F,44,95,43.2,Excellent
F,44,96,48.6,Excellent
F,44,97,54,Excellent
F,44,98,59.4,Excellent
F,44,99,64.8,Excellent
F,45,15,15.8,Poor
F,45,16,16.4,Poor
F,45,17,17.1,Poor
F,45,18,17.7,Poor
F,45,19,18.3,Poor
F,45,20,19,Fair
F,45,21,19.6,Fair
F,45,22,20.2,Fair
F,45,23,20.9,Fair
F,45,24,21.5,Fair
F,45,25,22.1,Fair
F,45,26,22.8,Fair
F,45,27,23.4,Fair
F,45,28,24,Fair
F,45,29,24.7,Fair
F,45,30,25.3,Fair
F,45,31,25.9,Fair
F,45,32,26.6,Fair
F,45,33,27.2,Fair
F,45,34,27.8,Fair
F,45,35,28.5,Fair
F,45,36,29.1,Fair
F,45,37,29.7,Fair
F,45,38,30.4,Fair
F,45,39,31,Fair
F,45,40,31.6,Normal
F,45,41,31.7,Normal
F,45,42,31.8,Normal
F,45,43,31.9,Normal
F,45,44,31.9,Normal
F,45,45,32,Normal
F,45,46,32.1,Normal
F,45,47,32.2,Normal
F,45,48,32.3,Normal
F,45,49,32.4,Normal
F,45,50,32.4,Normal
F,45,51,32.5,Normal
F,45,52,32.6,Normal
F,45,53,32.7,Normal
F,45,54,32.9,Normal
F,45,55,33,Normal
F,45,56,33.1,Normal
F,45,57,33.2,Normal
F,45,58,33.3,Normal
F,45,59,33.4,Normal
F,45,60,33.5,Good
F,45,61,33.6,Good
F,45,62,33.8,Good
F,45,63,33.9,Good
F,45,64,34,Good
F,45,65,34.1,Good
F,45,66,34.3,Good
F,45,67,34.4,Good
F,45,68,34.5,Good
F,45,69,34.6,Good
F,45,70,34.8,Good
F,45,71,34.9,Good
F,45,72,35,Good
F,45,73,35.1,Good
F,45,74,35.2,Good
F,45,75,35.4,Good
F,45,76,35.5,Good
F,45,77,35.6,Good
F,45,78,35.7,Good
F,45,79,35.9,Good
F,45,80,36,Excellent
F,45,81,36.1,Excellent
F,45,82,36.3,Excellent
F,45,83,36.4,Excellent
F,45,84,36.5,Excellent
F,45,85,36.7,Excellent
F,45,86,36.9,Excellent
F,45,87,37.3,Excellent
F,45,88,37.7,Excellent
F,45,89,38.2,Excellent
F,45,90,38.7,Excellent
F,45,91,39.4,Excellent
F,45,92,40.1,Excellent
F,45,93,40.9,Excellent
F,45,94,41.8,Excellent
F,45,95,42.8,Excellent
F,45,96,48.1,Excellent
F,45,97,53.5,Excellent
F,45,98,58.8,Excellent
F,45,99,64.2,Excellent
F,46,15,15.7,Poor
F,46,16,16.3,Poor
F,46,17,16.9,Poor
F,46,18,17.5,Poor
F,46,19,18.2,Poor
F,46,20,18.8,Fair
F,46,21,19.4,Fair
F,46,22,20,Fair
F,46,23,20.7,Fair
F,46,24,21.3,Fair
F,46,25,21.9,Fair
F,46,26,22.5,Fair
F,46,27,23.2,Fair
F,46,28,23.8,Fair
F,46,29,24.4,Fair
F,46,30,25.1,Fair
F,46,31,25.7,Fair
F,46,32,26.3,Fair
F,46,33,26.9,Fair
F,46,34,27.6,Fair
F,46,35,28.2,Fair
F,46,36,28.8,Fair
F,46,37,29.4,Fair
F,46,38,30.1,Fair
F,46,39,30.7,Fair
F,46,40,31.3,Normal
F,46,41,31.4,Normal
F,46,42,31.5,Normal
F,46,43,31.6,Normal
F,46,44,31.6,Normal
F,46,45,31.7,Normal
F,46,46,31.8,Normal
F,46,47,31.9,Normal
F,46,48,32,Normal
F,46,49,32,Normal
F,46,50,32.1,Normal
F,46,51,32.2,Normal
F,46,52,32.3,Normal
F,46,53,32.4,Normal
F,46,54,32.5,Normal
F,46,55,32.6,Normal
F,46,56,32.7,Normal
F,46,57,32.8,Normal
F,46,58,33,Normal
F,46,59,33.1,Normal
F,46,60,33.2,Good
F,46,61,33.3,Good
F,46,62,33.4,Good
F,46,63,33.6,Good
F,46,64,33.7,Good
F,46,65,33.8,Good
F,46,66,33.9,Good
F,46,67,34.1,Good
F,46,68,34.2,Good
F,46,69,34.3,Good
F,46,70,34.4,Good
F,46,71,34.6,Good
F,46,72,34.7,Good
F,46,73,34.8,Good
F,46,74,34.9,Good
F,46,75,35,Good
F,46,76,35.1,Good
F,46,77,35.3,Good
F,46,78,35.4,Good
F,46,79,35.5,Good
F,46,80,35.7,Excellent
F,46,81,35.8,Excellent
F,46,82,35.9,Excellent
F,46,83,36.1,Excellent
F,46,84,36.2,Excellent
F,46,85,36.4,Excellent
F,46,86,36.6,Excellent
F,46,87,37,Excellent
F,46,88,37.4,Excellent
F,46,89,37.9,Excellent
F,46,90,38.4,Excellent
F,46,91,39,Excellent
F,46,92,39.7,Excellent
F,46,93,40.5,Excellent
F,46,94,41.4,Excellent
F,46,95,42.4,Excellent
F,46,96,47.7,Excellent
F,46,97,53,Excellent
F,46,98,58.3,Excellent
F,46,99,63.6,Excellent
F,47,15,15.5,Poor
F,47,16,16.1,Poor
F,47,17,16.7,Poor
F,47,18,17.4,Poor
F,47,19,18,Poor
F,47,20,18.6,Fair
F,47,21,19.2,Fair
F,47,22,19.8,Fair
F,47,23,20.5,Fair
F,47,24,21.1,Fair
F,47,25,21.7,Fair
F,47,26,22.3,Fair
F,47,27,22.9,Fair
F,47,28,23.6,Fair
F,47,29,24.2,Fair
F,47,30,24.8,Fair
F,47,31,25.4,Fair
F,47,32,26,Fair
F,47,33,26.7,Fair
F,47,34,27.3,Fair
F,47,35,27.9,Fair
F,47,36,28.5,Fair
F,47,37,29.1,Fair
F,47,38,29.8,Fair
F,47,39,30.4,Fair
F,47,40,31,Normal
F,47,41,31.1,Normal
F,47,42,31.2,Normal
F,47,43,31.2,Normal
F,47,44,31.3,Normal
F,47,45,31.4,Normal
F,47,46,31.5,Normal
F,47,47,31.5,Normal
F,47,48,31.6,Normal
F,47,49,31.7,Normal
F,47,50,31.8,Normal
F,47,51,31.9,Normal
F,47,52,32,Normal
F,47,53,32.1,Normal
F,47,54,32.2,Normal
F,47,55,32.3,Normal
F,47,56,32.4,Normal
F,47,57,32.5,Normal
F,47,58,32.6,Normal
F,47,59,32.7,Normal
F,47,60,32.8,Good
F,47,61,33,Good
F,47,62,33.1,Good
F,47,63,33.2,Good
F,47,64,33.3,Good
F,47,65,33.5,Good
F,47,66,33.6,Good
F,47,67,33.7,Good
F,47,68,33.8,Good
F,47,69,34,Good
F,47,70,34.1,Good
F,47,71,34.2,Good
F,47,72,34.3,Good
F,47,73,34.4,Good
F,47,74,34.6,Good
F,47,75,34.7,Good
F,47,76,34.8,Good
F,47,77,34.9,Good
F,47,78,35.1,Good
F,47,79,35.2,Good
F,47,80,35.3,Excellent
F,47,81,35.5,Excellent
F,47,82,35.6,Excellent
F,47,83,35.7,Excellent
F,47,84,35.9,Excellent
F,47,85,36.1,Excellent
F,47,86,36.3,Excellent
F,47,87,36.6,Excellent
F,47,88,37.1,Excellent
F,47,89,37.5,Excellent
F,47,90,38.1,Excellent
F,47,91,38.7,Excellent
F,47,92,39.4,Excellent
F,47,93,40.1,Excellent
F,47,94,41,Excellent
F,47,95,41.9,Excellent
F,47,96,47.2,Excellent
F,47,97,52.4,Excellent
F,47,98,57.7,Excellent
F,47,99,62.9,Excellent
F,48,15,15.3,Poor
F,48,16,16,Poor
F,48,17,16.6,Poor
F,48,18,17.2,Poor
F,48,19,17.8,Poor
F,48,20,18.4,Fair
F,48,21,19,Fair
F,48,22,19.6,Fair
F,48,23,20.3,Fair
F,48,24,20.9,Fair
F,48,25,21.5,Fair
F,48,26,22.1,Fair
F,48,27,22.7,Fair
F,48,28,23.3,Fair
F,48,29,23.9,Fair
F,48,30,24.6,Fair
F,48,31,25.2,Fair
F,48,32,25.8,Fair
F,48,33,26.4,Fair
F,48,34,27,Fair
F,48,35,27.6,Fair
F,48,36,28.2,Fair
F,48,37,28.9,Fair
F,48,38,29.5,Fair
F,48,39,30.1,Fair
F,48,40,30.7,Normal
F,48,41,30.8,Normal
F,48,42,30.9,Normal
F,48,43,30.9,Normal
F,48,44,31,Normal
F,48,45,31.1,Normal
F,48,46,31.1,Normal
F,48,47,31.2,Normal
F,48,48,31.3,Normal
F,48,49,31.4,Normal
F,48,50,31.5,Normal
F,48,51,31.6,Normal
F,48,52,31.6,Normal
F,48,53,31.7,Normal
F,48,54,31.8,Normal
F,48,55,31.9,Normal
F,48,56,32.1,Normal
F,48,57,32.2,Normal
F,48,58,32.3,Normal
F,48,59,32.4,Normal
F,48,60,32.5,Good
F,48,61,32.6,Good
F,48,62,32.7,Good
F,48,63,32.9,Good
F,48,64,33,Good
F,48,65,33.1,Good
F,48,66,33.2,Good
F,48,67,33.4,Good
F,48,68,33.5,Good
F,48,69,33.6,Good
F,48,70,33.7,Good
F,48,71,33.9,Good
F,48,72,34,Good
F,48,73,34.1,Good
F,48,74,34.2,Good
F,48,75,34.3,Good
F,48,76,34.5,Good
F,48,77,34.6,Good
F,48,78,34.7,Good
F,48,79,34.8,Good
F,48,80,35,Excellent
F,48,81,35.1,Excellent
F,48,82,35.3,Excellent
F,48,83,35.4,Excellent
F,48,84,35.6,Excellent
F,48,85,35.8,Excellent
F,48,86,36,Excellent
F,48,87,36.3,Excellent
F,48,88,36.7,Excellent
F,48,89,37.2,Excellent
F,48,90,37.7,Excellent
F,48,91,38.3,Excellent
F,48,92,39,Excellent
F,48,93,39.8,Excellent
F,48,94,40.6,Excellent
F,48,95,41.5,Excellent
F,48,96,46.7,Excellent
F,48,97,51.9,Excellent
F,48,98,57.1,Excellent
F,48,99,62.3,Excellent
F,49,15,15.2,Poor
F,49,16,15.8,Poor
F,49,17,16.4,Poor
F,49,18,17,Poor
F,49,19,17.6,Poor
F,49,20,18.2,Fair
F,49,21,18.8,Fair
F,49,22,19.4,Fair
F,49,23,20.1,Fair
F,49,24,20.7,Fair
F,49,25,21.3,Fair
F,49,26,21.9,Fair
F,49,27,22.5,Fair
F,49,28,23.1,Fair
F,49,29,23.7,Fair
F,49,30,24.3,Fair
F,49,31,24.9,Fair
F,49,32,25.5,Fair
F,49,33,26.1,Fair
F,49,34,26.7,Fair
F,49,35,27.3,Fair
F,49,36,28,Fair
F,49,37,28.6,Fair
F,49,38,29.2,Fair
F,49,39,29.8,Fair
F,49,40,30.4,Normal
F,49,41,30.5,Normal
F,49,42,30.5,Normal
F,49,43,30.6,Normal
F,49,44,30.7,Normal
F,49,45,30.7,Normal
F,49,46,30.8,Normal
F,49,47,30.9,Normal
F,49,48,31,Normal
F,49,49,31,Normal
F,49,50,31.1,Normal
F,49,51,31.2,Normal
F,49,52,31.3,Normal
F,49,53,31.4,Normal
F,49,54,31.5,Normal
F,49,55,31.6,Normal
F,49,56,31.7,Normal
F,49,57,31.8,Normal
F,49,58,31.9,Normal
F,49,59,32,Normal
F,49,60,32.2,Good
F,49,61,32.3,Good
F,49,62,32.4,Good
F,49,63,32.5,Good
F,49,64,32.6,Good
F,49,65,32.8,Good
F,49,66,32.9,Good
F,49,67,33,Good
F,49,68,33.1,Good
F,49,69,33.3,Good
F,49,70,33.4,Good
F,49,71,33.5,Good
F,49,72,33.6,Good
F,49,73,33.7,Good
F,49,74,33.9,Good
F,49,75,34,Good
F,49,76,34.1,Good
F,49,77,34.2,Good
F,49,78,34.4,Good
F,49,79,34.5,Good
F,49,80,34.6,Excellent
F,49,81,34.8,Excellent
F,49,82,34.9,Excellent
F,49,83,35.1,Excellent
F,49,84,35.2,Excellent
F,49,85,35.4,Excellent
F,49,86,35.7,Excellent
F,49,87,36,Excellent
F,49,88,36.4,Excellent
F,49,89,36.9,Excellent
F,49,90,37.4,Excellent
F,49,91,38,Excellent
F,49,92,38.6,Excellent
F,49,93,39.4,Excellent
F,49,94,40.2,Excellent
F,49,95,41.1,Excellent
F,49,96,46.2,Excellent
F,49,97,51.4,Excellent
F,49,98,56.5,Excellent
F,49,99,61.6,Excellent
F,50,15,15,Poor
F,50,16,15.6,Poor
F,50,17,16.2,Poor
F,50,18,16.8,Poor
F,50,19,17.4,Poor
F,50,20,18,Fair
F,50,21,18.6,Fair
F,50,22,19.2,Fair
F,50,23,19.9,Fair
F,50,24,20.5,Fair
F,50,25,21.1,Fair
F,50,26,21.7,Fair
F,50,27,22.3,Fair
F,50,28,22.9,Fair
F,50,29,23.5,Fair
F,50,30,24.1,Fair
F,50,31,24.7,Fair
F,50,32,25.3,Fair
F,50,33,25.9,Fair
F,50,34,26.5,Fair
F,50,35,27.1,Fair
F,50,36,27.7,Fair
F,50,37,28.3,Fair
F,50,38,28.9,Fair
F,50,39,29.5,Fair
F,50,40,30.1,Normal
F,50,41,30.2,Normal
F,50,42,30.2,Normal
F,50,43,30.3,Normal
F,50,44,30.4,Normal
F,50,45,30.4,Normal
F,50,46,30.5,Normal
F,50,47,30.6,Normal
F,50,48,30.6,Normal
F,50,49,30.7,Normal
F,50,50,30.8,Normal
F,50,51,30.9,Normal
F,50,52,31,Normal
F,50,53,31.1,Normal
F,50,54,31.2,Normal
F,50,55,31.3,Normal
F,50,56,31.4,Normal
F,50,57,31.5,Normal
F,50,58,31.6,Normal
F,50,59,31.7,Normal
F,50,60,31.8,Good
F,50,61,31.9,Good
F,50,62,32,Good
F,50,63,32.2,Good
F,50,64,32.3,Good
F,50,65,32.4,Good
F,50,66,32.5,Good
F,50,67,32.7,Good
F,50,68,32.8,Good
F,50,69,32.9,Good
F,50,70,33,Good
F,50,71,33.1,Good
F,50,72,33.3,Good
F,50,73,33.4,Good
F,50,74,33.5,Good
F,50,75,33.6,Good
F,50,76,33.7,Good
F,50,77,33.9,Good
F,50,78,34,Good
F,50,79,34.1,Good
F,50,80,34.3,Excellent
F,50,81,34.4,Excellent
F,50,82,34.6,Excellent
F,50,83,34.7,Excellent
F,50,84,34.9,Excellent
F,50,85,35.1,Excellent
F,50,86,35.3,Excellent
F,50,87,35.6,Excellent
F,50,88,36,Excellent
F,50,89,36.5,Excellent
F,50,90,37,Excellent
F,50,91,37.6,Excellent
F,50,92,38.3,Excellent
F,50,93,39,Excellent
F,50,94,39.8,Excellent
F,50,95,40.7,Excellent
F,50,96,45.8,Excellent
F,50,97,50.8,Excellent
F,50,98,55.9,Excellent
F,50,99,61,Excellent
F,51,15,14.9,Poor
F,51,16,15.5,Poor
F,51,17,16.1,Poor
F,51,18,16.7,Poor
F,51,19,17.3,Poor
F,51,20,17.9,Fair
F,51,21,18.5,Fair
F,51,22,19.1,Fair
F,51,23,19.7,Fair
F,51,24,20.2,Fair
F,51,25,20.8,Fair
F,51,26,21.4,Fair
F,51,27,22,Fair
F,51,28,22.6,Fair
F,51,29,23.2,Fair
F,51,30,23.8,Fair
F,51,31,24.4,Fair
F,51,32,25,Fair
F,51,33,25.6,Fair
F,51,34,26.2,Fair
F,51,35,26.8,Fair
F,51,36,27.4,Fair
F,51,37,28,Fair
F,51,38,28.6,Fair
F,51,39,29.2,Fair
F,51,40,29.8,Normal
F,51,41,29.8,Normal
F,51,42,29.9,Normal
F,51,43,30,Normal
F,51,44,30.1,Normal
F,51,45,30.1,Normal
F,51,46,30.2,Normal
F,51,47,30.3,Normal
F,51,48,30.3,Normal
F,51,49,30.4,Normal
F,51,50,30.5,Normal
F,51,51,30.6,Normal
F,51,52,30.7,Normal
F,51,53,30.7,Normal
F,51,54,30.8,Normal
F,51,55,30.9,Normal
F,51,56,31,Normal
F,51,57,31.1,Normal
F,51,58,31.3,Normal
F,51,59,31.4,Normal
F,51,60,31.5,Good
F,51,61,31.6,Good
F,51,62,31.7,Good
F,51,63,31.8,Good
F,51,64,31.9,Good
F,51,65,32.1,Good
F,51,66,32.2,Good
F,51,67,32.3,Good
F,51,68,32.4,Good
F,51,69,32.6,Good
F,51,70,32.7,Good
F,51,71,32.8,Good
F,51,72,32.9,Good
F,51,73,33,Good
F,51,74,33.2,Good
F,51,75,33.3,Good
F,51,76,33.4,Good
F,51,77,33.5,Good
F,51,78,33.7,Good
F,51,79,33.8,Good
F,51,80,33.9,Excellent
F,51,81,34.1,Excellent
F,51,82,34.2,Excellent
F,51,83,34.4,Excellent
F,51,84,34.5,Excellent
F,51,85,34.7,Excellent
F,51,86,35,Excellent
F,51,87,35.3,Excellent
F,51,88,35.7,Excellent
F,51,89,36.1,Excellent
F,51,90,36.7,Excellent
F,51,91,37.2,Excellent
F,51,92,37.9,Excellent
F,51,93,38.6,Excellent
F,51,94,39.4,Excellent
F,51,95,40.3,Excellent
F,51,96,45.3,Excellent
F,51,97,50.3,Excellent
F,51,98,55.4,Excellent
F,51,99,60.4,Excellent
F,52,15,14.7,Poor
F,52,16,15.3,Poor
F,52,17,15.9,Poor
F,52,18,16.5,Poor
F,52,19,17.1,Poor
F,52,20,17.7,Fair
F,52,21,18.3,Fair
F,52,22,18.9,Fair
F,52,23,19.5,Fair
F,52,24,20,Fair
F,52,25,20.6,Fair
F,52,26,21.2,Fair
F,52,27,21.8,Fair
F,52,28,22.4,Fair
F,52,29,23,Fair
F,52,30,23.6,Fair
F,52,31,24.2,Fair
F,52,32,24.8,Fair
F,52,33,25.4,Fair
F,52,34,25.9,Fair
F,52,35,26.5,Fair
F,52,36,27.1,Fair
F,52,37,27.7,Fair
F,52,38,28.3,Fair
F,52,39,28.9,Fair
F,52,40,29.5,Normal
F,52,41,29.5,Normal
F,52,42,29.6,Normal
F,52,43,29.7,Normal
F,52,44,29.8,Normal
F,52,45,29.8,Normal
F,52,46,29.9,Normal
F,52,47,29.9,Normal
F,52,48,30,Normal
F,52,49,30.1,Normal
F,52,50,30.2,Normal
F,52,51,30.3,Normal
F,52,52,30.3,Normal
F,52,53,30.4,Normal
F,52,54,30.5,Normal
F,52,55,30.6,Normal
F,52,56,30.7,Normal
F,52,57,30.8,Normal
F,52,58,30.9,Normal
F,52,59,31,Normal
F,52,60,31.2,Good
F,52,61,31.3,Good
F,52,62,31.4,Good
F,52,63,31.5,Good
F,52,64,31.6,Good
F,52,65,31.7,Good
F,52,66,31.9,Good
F,52,67,32,Good
F,52,68,32.1,Good
F,52,69,32.2,Good
F,52,70,32.3,Good
F,52,71,32.5,Good
F,52,72,32.6,Good
F,52,73,32.7,Good
F,52,74,32.8,Good
F,52,75,32.9,Good
F,52,76,33,Good
F,52,77,33.2,Good
F,52,78,33.3,Good
F,52,79,33.4,Good
F,52,80,33.6,Excellent
F,52,81,33.7,Excellent
F,52,82,33.9,Excellent
F,52,83,34,Excellent
F,52,84,34.2,Excellent
F,52,85,34.4,Excellent
F,52,86,34.6,Excellent
F,52,87,34.9,Excellent
F,52,88,35.3,Excellent
F,52,89,35.8,Excellent
F,52,90,36.3,Excellent
F,52,91,36.8,Excellent
F,52,92,37.5,Excellent
F,52,93,38.2,Excellent
F,52,94,39,Excellent
F,52,95,39.9,Excellent
F,52,96,44.8,Excellent
F,52,97,49.8,Excellent
F,52,98,54.8,Excellent
F,52,99,59.8,Excellent
F,53,15,14.6,Poor
F,53,16,15.2,Poor
F,53,17,15.8,Poor
F,53,18,16.3,Poor
F,53,19,16.9,Poor
F,53,20,17.5,Fair
F,53,21,18.1,Fair
F,53,22,18.7,Fair
F,53,23,19.3,Fair
F,53,24,19.9,Fair
F,53,25,20.4,Fair
F,53,26,21,Fair
F,53,27,21.6,Fair
F,53,28,22.2,Fair
F,53,29,22.8,Fair
F,53,30,23.4,Fair
F,53,31,23.9,Fair
F,53,32,24.5,Fair
F,53,33,25.1,Fair
F,53,34,25.7,Fair
F,53,35,26.3,Fair
F,53,36,26.9,Fair
F,53,37,27.4,Fair
F,53,38,28,Fair
F,53,39,28.6,Fair
F,53,40,29.2,Normal
F,53,41,29.3,Normal
F,53,42,29.3,Normal
F,53,43,29.4,Normal
F,53,44,29.5,Normal
F,53,45,29.5,Normal
F,53,46,29.6,Normal
F,53,47,29.7,Normal
F,53,48,29.7,Normal
F,53,49,29.8,Normal
F,53,50,29.9,Normal
F,53,51,30,Normal
F,53,52,30,Normal
F,53,53,30.1,Normal
F,53,54,30.2,Normal
F,53,55,30.3,Normal
F,53,56,30.4,Normal
F,53,57,30.5,Normal
F,53,58,30.6,Normal
F,53,59,30.7,Normal
F,53,60,30.8,Good
F,53,61,31,Good
F,53,62,31.1,Good
F,53,63,31.2,Good
F,53,64,31.3,Good
F,53,65,31.4,Good
F,53,66,31.5,Good
F,53,67,31.6,Good
F,53,68,31.8,Good
F,53,69,31.9,Good
F,53,70,32,Good
F,53,71,32.1,Good
F,53,72,32.2,Good
F,53,73,32.4,Good
F,53,74,32.5,Good
F,53,75,32.6,Good
F,53,76,32.7,Good
F,53,77,32.8,Good
F,53,78,33,Good
F,53,79,33.1,Good
F,53,80,33.2,Excellent
F,53,81,33.4,Excellent
F,53,82,33.5,Excellent
F,53,83,33.7,Excellent
F,53,84,33.8,Excellent
F,53,85,34,Excellent
F,53,86,34.2,Excellent
F,53,87,34.6,Excellent
F,53,88,34.9,Excellent
F,53,89,35.4,Excellent
F,53,90,35.9,Excellent
F,53,91,36.5,Excellent
F,53,92,37.1,Excellent
F,53,93,37.8,Excellent
F,53,94,38.6,Excellent
F,53,95,39.5,Excellent
F,53,96,44.4,Excellent
F,53,97,49.3,Excellent
F,53,98,54.3,Excellent
F,53,99,59.2,Excellent
F,54,15,14.5,Poor
F,54,16,15,Poor
F,54,17,15.6,Poor
F,54,18,16.2,Poor
F,54,19,16.8,Poor
F,54,20,17.4,Fair
F,54,21,17.9,Fair
F,54,22,18.5,Fair
F,54,23,19.1,Fair
F,54,24,19.7,Fair
F,54,25,20.2,Fair
F,54,26,20.8,Fair
F,54,27,21.4,Fair
F,54,28,22,Fair
F,54,29,22.6,Fair
F,54,30,23.1,Fair
F,54,31,23.7,Fair
F,54,32,24.3,Fair
F,54,33,24.9,Fair
F,54,34,25.4,Fair
F,54,35,26,Fair
F,54,36,26.6,Fair
F,54,37,27.2,Fair
F,54,38,27.8,Fair
F,54,39,28.3,Fair
F,54,40,28.9,Normal
F,54,41,29,Normal
F,54,42,29.1,Normal
F,54,43,29.1,Normal
F,54,44,29.2,Normal
F,54,45,29.2,Normal
F,54,46,29.3,Normal
F,54,47,29.4,Normal
F,54,48,29.4,Normal
F,54,49,29.5,Normal
F,54,50,29.6,Normal
F,54,51,29.7,Normal
F,54,52,29.8,Normal
F,54,53,29.8,Normal
F,54,54,29.9,Normal
F,54,55,30,Normal
F,54,56,30.1,Normal
F,54,57,30.2,Normal
F,54,58,30.3,Normal
F,54,59,30.4,Normal
F,54,60,30.5,Good
F,54,61,30.6,Good
F,54,62,30.8,Good
F,54,63,30.9,Good
F,54,64,31,Good
F,54,65,31.1,Good
F,54,66,31.2,Good
F,54,67,31.3,Good
F,54,68,31.5,Good
F,54,69,31.6,Good
F,54,70,31.7,Good
F,54,71,31.8,Good
F,54,72,31.9,Good
F,54,73,32,Good
F,54,74,32.1,Good
F,54,75,32.3,Good
F,54,76,32.4,Good
F,54,77,32.5,Good
F,54,78,32.6,Good
F,54,79,32.8,Good
F,54,80,32.9,Excellent
F,54,81,33,Excellent
F,54,82,33.2,Excellent
F,54,83,33.3,Excellent
F,54,84,33.5,Excellent
F,54,85,33.6,Excellent
F,54,86,33.9,Excellent
F,54,87,34.2,Excellent
F,54,88,34.6,Excellent
F,54,89,35,Excellent
F,54,90,35.5,Excellent
F,54,91,36.1,Excellent
F,54,92,36.7,Excellent
F,54,93,37.4,Excellent
F,54,94,38.2,Excellent
F,54,95,39.1,Excellent
F,54,96,44,Excellent
F,54,97,48.9,Excellent
F,54,98,53.8,Excellent
F,54,99,58.6,Excellent
F,55,15,14.3,Poor
F,55,16,14.9,Poor
F,55,17,15.5,Poor
F,55,18,16,Poor
F,55,19,16.6,Poor
F,55,20,17.2,Fair
F,55,21,17.8,Fair
F,55,22,18.3,Fair
F,55,23,18.9,Fair
F,55,24,19.5,Fair
F,55,25,20.1,Fair
F,55,26,20.6,Fair
F,55,27,21.2,Fair
F,55,28,21.8,Fair
F,55,29,22.4,Fair
F,55,30,22.9,Fair
F,55,31,23.5,Fair
F,55,32,24.1,Fair
F,55,33,24.6,Fair
F,55,34,25.2,Fair
F,55,35,25.8,Fair
F,55,36,26.4,Fair
F,55,37,26.9,Fair
F,55,38,27.5,Fair
F,55,39,28.1,Fair
F,55,40,28.7,Normal
F,55,41,28.7,Normal
F,55,42,28.8,Normal
F,55,43,28.9,Normal
F,55,44,28.9,Normal
F,55,45,29,Normal
F,55,46,29,Normal
F,55,47,29.1,Normal
F,55,48,29.2,Normal
F,55,49,29.2,Normal
F,55,50,29.3,Normal
F,55,51,29.4,Normal
F,55,52,29.5,Normal
F,55,53,29.6,Normal
F,55,54,29.7,Normal
F,55,55,29.8,Normal
F,55,56,29.8,Normal
F,55,57,29.9,Normal
F,55,58,30,Normal
F,55,59,30.2,Normal
F,55,60,30.3,Good
F,55,61,30.4,Good
F,55,62,30.5,Good
F,55,63,30.6,Good
F,55,64,30.7,Good
F,55,65,30.8,Good
F,55,66,30.9,Good
F,55,67,31,Good
F,55,68,31.2,Good
F,55,69,31.3,Good
F,55,70,31.4,Good
F,55,71,31.5,Good
F,55,72,31.6,Good
F,55,73,31.7,Good
F,55,74,31.8,Good
F,55,75,31.9,Good
F,55,76,32.1,Good
F,55,77,32.2,Good
F,55,78,32.3,Good
F,55,79,32.4,Good
F,55,80,32.6,Excellent
F,55,81,32.7,Excellent
F,55,82,32.8,Excellent
F,55,83,33,Excellent
F,55,84,33.1,Excellent
F,55,85,33.3,Excellent
F,55,86,33.5,Excellent
F,55,87,33.8,Excellent
F,55,88,34.2,Excellent
F,55,89,34.7,Excellent
F,55,90,35.2,Excellent
F,55,91,35.7,Excellent
F,55,92,36.4,Excellent
F,55,93,37.1,Excellent
F,55,94,37.9,Excellent
F,55,95,38.7,Excellent
F,55,96,43.6,Excellent
F,55,97,48.4,Excellent
F,55,98,53.3,Excellent
F,55,99,58.1,Excellent
F,56,15,14.2,Poor
F,56,16,14.8,Poor
F,56,17,15.3,Poor
F,56,18,15.9,Poor
F,56,19,16.5,Poor
F,56,20,17,Fair
F,56,21,17.6,Fair
F,56,22,18.2,Fair
F,56,23,18.7,Fair
F,56,24,19.3,Fair
F,56,25,19.9,Fair
F,56,26,20.4,Fair
F,56,27,21,Fair
F,56,28,21.6,Fair
F,56,29,22.2,Fair
F,56,30,22.7,Fair
F,56,31,23.3,Fair
F,56,32,23.9,Fair
F,56,33,24.4,Fair
F,56,34,25,Fair
F,56,35,25.6,Fair
F,56,36,26.1,Fair
F,56,37,26.7,Fair
F,56,38,27.3,Fair
F,56,39,27.8,Fair
F,56,40,28.4,Normal
F,56,41,28.5,Normal
F,56,42,28.5,Normal
F,56,43,28.6,Normal
F,56,44,28.7,Normal
F,56,45,28.7,Normal
F,56,46,28.8,Normal
F,56,47,28.8,Normal
F,56,48,28.9,Normal
F,56,49,29,Normal
F,56,50,29.1,Normal
F,56,51,29.1,Normal
F,56,52,29.2,Normal
F,56,53,29.3,Normal
F,56,54,29.4,Normal
F,56,55,29.5,Normal
F,56,56,29.6,Normal
F,56,57,29.7,Normal
F,56,58,29.8,Normal
F,56,59,29.9,Normal
F,56,60,30,Good
F,56,61,30.1,Good
F,56,62,30.2,Good
F,56,63,30.3,Good
F,56,64,30.4,Good
F,56,65,30.5,Good
F,56,66,30.6,Good
F,56,67,30.7,Good
F,56,68,30.9,Good
F,56,69,31,Good
F,56,70,31.1,Good
F,56,71,31.2,Good
F,56,72,31.3,Good
F,56,73,31.4,Good
F,56,74,31.5,Good
F,56,75,31.6,Good
F,56,76,31.7,Good
F,56,77,31.9,Good
F,56,78,32,Good
F,56,79,32.1,Good
F,56,80,32.2,Excellent
F,56,81,32.4,Excellent
F,56,82,32.5,Excellent
F,56,83,32.6,Excellent
F,56,84,32.8,Excellent
F,56,85,32.9,Excellent
F,56,86,33.2,Excellent
F,56,87,33.5,Excellent
F,56,88,33.8,Excellent
F,56,89,34.3,Excellent
F,56,90,34.8,Excellent
F,56,91,35.4,Excellent
F,56,92,36,Excellent
F,56,93,36.7,Excellent
F,56,94,37.5,Excellent
F,56,95,38.4,Excellent
F,56,96,43.2,Excellent
F,56,97,48,Excellent
F,56,98,52.8,Excellent
F,56,99,57.6,Excellent
F,57,15,14.1,Poor
F,57,16,14.6,Poor
F,57,17,15.2,Poor
F,57,18,15.8,Poor
F,57,19,16.3,Poor
F,57,20,16.9,Fair
F,57,21,17.5,Fair
F,57,22,18,Fair
F,57,23,18.6,Fair
F,57,24,19.1,Fair
F,57,25,19.7,Fair
F,57,26,20.3,Fair
F,57,27,20.8,Fair
F,57,28,21.4,Fair
F,57,29,22,Fair
F,57,30,22.5,Fair
F,57,31,23.1,Fair
F,57,32,23.7,Fair
F,57,33,24.2,Fair
F,57,34,24.8,Fair
F,57,35,25.3,Fair
F,57,36,25.9,Fair
F,57,37,26.5,Fair
F,57,38,27,Fair
F,57,39,27.6,Fair
F,57,40,28.2,Normal
F,57,41,28.2,Normal
F,57,42,28.3,Normal
F,57,43,28.4,Normal
F,57,44,28.4,Normal
F,57,45,28.5,Normal
F,57,46,28.5,Normal
F,57,47,28.6,Normal
F,57,48,28.7,Normal
F,57,49,28.7,Normal
F,57,50,28.8,Normal
F,57,51,28.9,Normal
F,57,52,29,Normal
F,57,53,29.1,Normal
F,57,54,29.1,Normal
F,57,55,29.2,Normal
F,57,56,29.3,Normal
F,57,57,29.4,Normal
F,57,58,29.5,Normal
F,57,59,29.6,Normal
F,57,60,29.7,Good
F,57,61,29.8,Good
F,57,62,29.9,Good
F,57,63,30,Good
F,57,64,30.1,Good
F,57,65,30.2,Good
F,57,66,30.4,Good
F,57,67,30.5,Good
F,57,68,30.6,Good
F,57,69,30.7,Good
F,57,70,30.8,Good
F,57,71,30.9,Good
F,57,72,31,Good
F,57,73,31.1,Good
F,57,74,31.2,Good
F,57,75,31.3,Good
F,57,76,31.4,Good
F,57,77,31.6,Good
F,57,78,31.7,Good
F,57,79,31.8,Good
F,57,80,31.9,Excellent
F,57,81,32,Excellent
F,57,82,32.2,Excellent
F,57,83,32.3,Excellent
F,57,84,32.4,Excellent
F,57,85,32.6,Excellent
F,57,86,32.8,Excellent
F,57,87,33.1,Excellent
F,57,88,33.5,Excellent
F,57,89,33.9,Excellent
F,57,90,34.4,Excellent
F,57,91,35,Excellent
F,57,92,35.7,Excellent
F,57,93,36.4,Excellent
F,57,94,37.2,Excellent
F,57,95,38.1,Excellent
F,57,96,42.9,Excellent
F,57,97,47.6,Excellent
F,57,98,52.4,Excellent
F,57,99,57.2,Excellent
F,58,15,14,Poor
F,58,16,14.5,Poor
F,58,17,15.1,Poor
F,58,18,15.6,Poor
F,58,19,16.2,Poor
F,58,20,16.8,Fair
F,58,21,17.3,Fair
F,58,22,17.9,Fair
F,58,23,18.4,Fair
F,58,24,19,Fair
F,58,25,19.5,Fair
F,58,26,20.1,Fair
F,58,27,20.7,Fair
F,58,28,21.2,Fair
F,58,29,21.8,Fair
F,58,30,22.3,Fair
F,58,31,22.9,Fair
F,58,32,23.5,Fair
F,58,33,24,Fair
F,58,34,24.6,Fair
F,58,35,25.1,Fair
F,58,36,25.7,Fair
F,58,37,26.2,Fair
F,58,38,26.8,Fair
F,58,39,27.4,Fair
F,58,40,27.9,Normal
F,58,41,28,Normal
F,58,42,28.1,Normal
F,58,43,28.1,Normal
F,58,44,28.2,Normal
F,58,45,28.2,Normal
F,58,46,28.3,Normal
F,58,47,28.4,Normal
F,58,48,28.4,Normal
F,58,49,28.5,Normal
F,58,50,28.6,Normal
F,58,51,28.6,Normal
F,58,52,28.7,Normal
F,58,53,28.8,Normal
F,58,54,28.9,Normal
F,58,55,29,Normal
F,58,56,29.1,Normal
F,58,57,29.2,Normal
F,58,58,29.3,Normal
F,58,59,29.4,Normal
F,58,60,29.5,Good
F,58,61,29.6,Good
F,58,62,29.7,Good
F,58,63,29.8,Good
F,58,64,29.9,Good
F,58,65,30,Good
F,58,66,30.1,Good
F,58,67,30.2,Good
F,58,68,30.3,Good
F,58,69,30.4,Good
F,58,70,30.5,Good
F,58,71,30.6,Good
F,58,72,30.7,Good
F,58,73,30.8,Good
F,58,74,30.9,Good
F,58,75,31,Good
F,58,76,31.2,Good
F,58,77,31.3,Good
F,58,78,31.4,Good
F,58,79,31.5,Good
F,58,80,31.6,Excellent
F,58,81,31.7,Excellent
F,58,82,31.9,Excellent
F,58,83,32,Excellent
F,58,84,32.1,Excellent
F,58,85,32.3,Excellent
F,58,86,32.5,Excellent
F,58,87,32.8,Excellent
F,58,88,33.2,Excellent
F,58,89,33.6,Excellent
F,58,90,34.1,Excellent
F,58,91,34.7,Excellent
F,58,92,35.3,Excellent
F,58,93,36.1,Excellent
F,58,94,36.9,Excellent
F,58,95,37.8,Excellent
F,58,96,42.5,Excellent
F,58,97,47.3,Excellent
F,58,98,52,Excellent
F,58,99,56.7,Excellent
F,59,15,13.8,Poor
F,59,16,14.4,Poor
F,59,17,15,Poor
F,59,18,15.5,Poor
F,59,19,16.1,Poor
F,59,20,16.6,Fair
F,59,21,17.2,Fair
F,59,22,17.7,Fair
F,59,23,18.3,Fair
F,59,24,18.8,Fair
F,59,25,19.4,Fair
F,59,26,19.9,Fair
F,59,27,20.5,Fair
F,59,28,21,Fair
F,59,29,21.6,Fair
F,59,30,22.2,Fair
F,59,31,22.7,Fair
F,59,32,23.3,Fair
F,59,33,23.8,Fair
F,59,34,24.4,Fair
F,59,35,24.9,Fair
F,59,36,25.5,Fair
F,59,37,26,Fair
F,59,38,26.6,Fair
F,59,39,27.1,Fair
F,59,40,27.7,Normal
F,59,41,27.8,Normal
F,59,42,27.8,Normal
F,59,43,27.9,Normal
F,59,44,27.9,Normal
F,59,45,28,Normal
F,59,46,28.1,Normal
F,59,47,28.1,Normal
F,59,48,28.2,Normal
F,59,49,28.3,Normal
F,59,50,28.3,Normal
F,59,51,28.4,Normal
F,59,52,28.5,Normal
F,59,53,28.6,Normal
F,59,54,28.7,Normal
F,59,55,28.7,Normal
F,59,56,28.8,Normal
F,59,57,28.9,Normal
F,59,58,29,Normal
F,59,59,29.1,Normal
F,59,60,29.2,Good
F,59,61,29.3,Good
F,59,62,29.4,Good
F,59,63,29.5,Good
F,59,64,29.6,Good
F,59,65,29.7,Good
F,59,66,29.8,Good
F,59,67,29.9,Good
F,59,68,30,Good
F,59,69,30.2,Good
F,59,70,30.3,Good
F,59,71,30.4,Good
F,59,72,30.5,Good
F,59,73,30.6,Good
F,59,74,30.7,Good
F,59,75,30.8,Good
F,59,76,30.9,Good
F,59,77,31,Good
F,59,78,31.1,Good
F,59,79,31.2,Good
F,59,80,31.3,Excellent
F,59,81,31.4,Excellent
F,59,82,31.6,Excellent
F,59,83,31.7,Excellent
F,59,84,31.8,Excellent
F,59,85,31.9,Excellent
F,59,86,32.2,Excellent
F,59,87,32.5,Excellent
F,59,88,32.8,Excellent
F,59,89,33.3,Excellent
F,59,90,33.8,Excellent
F,59,91,34.4,Excellent
F,59,92,35,Excellent
F,59,93,35.8,Excellent
F,59,94,36.6,Excellent
F,59,95,37.5,Excellent
F,59,96,42.2,Excellent
F,59,97,46.9,Excellent
F,59,98,51.6,Excellent
F,59,99,56.3,Excellent
F,60,15,13.7,Poor
F,60,16,14.3,Poor
F,60,17,14.8,Poor
F,60,18,15.4,Poor
F,60,19,15.9,Poor
F,60,20,16.5,Fair
F,60,21,17,Fair
F,60,22,17.6,Fair
F,60,23,18.1,Fair
F,60,24,18.7,Fair
F,60,25,19.2,Fair
F,60,26,19.8,Fair
F,60,27,20.3,Fair
F,60,28,20.9,Fair
F,60,29,21.4,Fair
F,60,30,22,Fair
F,60,31,22.5,Fair
F,60,32,23.1,Fair
F,60,33,23.6,Fair
F,60,34,24.2,Fair
F,60,35,24.7,Fair
F,60,36,25.3,Fair
F,60,37,25.8,Fair
F,60,38,26.4,Fair
F,60,39,26.9,Fair
F,60,40,27.5,Normal
F,60,41,27.5,Normal
F,60,42,27.6,Normal
F,60,43,27.7,Normal
F,60,44,27.7,Normal
F,60,45,27.8,Normal
F,60,46,27.8,Normal
F,60,47,27.9,Normal
F,60,48,28,Normal
F,60,49,28,Normal
F,60,50,28.1,Normal
F,60,51,28.2,Normal
F,60,52,28.3,Normal
F,60,53,28.3,Normal
F,60,54,28.4,Normal
F,60,55,28.5,Normal
F,60,56,28.6,Normal
F,60,57,28.7,Normal
F,60,58,28.8,Normal
F,60,59,28.9,Normal
F,60,60,29,Good
F,60,61,29.1,Good
F,60,62,29.2,Good
F,60,63,29.3,Good
F,60,64,29.4,Good
F,60,65,29.5,Good
F,60,66,29.6,Good
F,60,67,29.7,Good
F,60,68,29.8,Good
F,60,69,29.9,Good
F,60,70,30,Good
F,60,71,30.1,Good
F,60,72,30.2,Good
F,60,73,30.3,Good
F,60,74,30.4,Good
F,60,75,30.5,Good
F,60,76,30.6,Good
F,60,77,30.7,Good
F,60,78,30.8,Good
F,60,79,30.9,Good
F,60,80,31,Excellent
F,60,81,31.2,Excellent
F,60,82,31.3,Excellent
F,60,83,31.4,Excellent
F,60,84,31.5,Excellent
F,60,85,31.6,Excellent
F,60,86,31.8,Excellent
F,60,87,32.1,Excellent
F,60,88,32.5,Excellent
F,60,89,33,Excellent
F,60,90,33.5,Excellent
F,60,91,34.1,Excellent
F,60,92,34.7,Excellent
F,60,93,35.5,Excellent
F,60,94,36.4,Excellent
F,60,95,37.3,Excellent
F,60,96,42,Excellent
F,60,97,46.6,Excellent
F,60,98,51.3,Excellent
F,60,99,55.9,Excellent
F,61,15,13.6,Poor
F,61,16,14.2,Poor
F,61,17,14.7,Poor
F,61,18,15.3,Poor
F,61,19,15.8,Poor
F,61,20,16.4,Fair
F,61,21,16.9,Fair
F,61,22,17.4,Fair
F,61,23,18,Fair
F,61,24,18.5,Fair
F,61,25,19.1,Fair
F,61,26,19.6,Fair
F,61,27,20.2,Fair
F,61,28,20.7,Fair
F,61,29,21.3,Fair
F,61,30,21.8,Fair
F,61,31,22.4,Fair
F,61,32,22.9,Fair
F,61,33,23.4,Fair
F,61,34,24,Fair
F,61,35,24.5,Fair
F,61,36,25.1,Fair
F,61,37,25.6,Fair
F,61,38,26.2,Fair
F,61,39,26.7,Fair
F,61,40,27.3,Normal
F,61,41,27.3,Normal
F,61,42,27.4,Normal
F,61,43,27.4,Normal
F,61,44,27.5,Normal
F,61,45,27.6,Normal
F,61,46,27.6,Normal
F,61,47,27.7,Normal
F,61,48,27.7,Normal
F,61,49,27.8,Normal
F,61,50,27.9,Normal
F,61,51,28,Normal
F,61,52,28,Normal
F,61,53,28.1,Normal
F,61,54,28.2,Normal
F,61,55,28.3,Normal
F,61,56,28.4,Normal
F,61,57,28.5,Normal
F,61,58,28.6,Normal
F,61,59,28.6,Normal
F,61,60,28.7,Good
F,61,61,28.8,Good
F,61,62,28.9,Good
F,61,63,29,Good
F,61,64,29.1,Good
F,61,65,29.2,Good
F,61,66,29.3,Good
F,61,67,29.4,Good
F,61,68,29.5,Good
F,61,69,29.7,Good
F,61,70,29.8,Good
F,61,71,29.9,Good
F,61,72,29.9,Good
F,61,73,30,Good
F,61,74,30.1,Good
F,61,75,30.2,Good
F,61,76,30.3,Good
F,61,77,30.4,Good
F,61,78,30.5,Good
F,61,79,30.6,Good
F,61,80,30.8,Excellent
F,61,81,30.9,Excellent
F,61,82,31,Excellent
F,61,83,31.1,Excellent
F,61,84,31.2,Excellent
F,61,85,31.3,Excellent
F,61,86,31.5,Excellent
F,61,87,31.8,Excellent
F,61,88,32.2,Excellent
F,61,89,32.7,Excellent
F,61,90,33.2,Excellent
F,61,91,33.8,Excellent
F,61,92,34.5,Excellent
F,61,93,35.2,Excellent
F,61,94,36.1,Excellent
F,61,95,37.1,Excellent
F,61,96,41.7,Excellent
F,61,97,46.3,Excellent
F,61,98,51,Excellent
F,61,99,55.6,Excellent
F,62,15,13.5,Poor
F,62,16,14.1,Poor
F,62,17,14.6,Poor
F,62,18,15.2,Poor
F,62,19,15.7,Poor
F,62,20,16.2,Fair
F,62,21,16.8,Fair
F,62,22,17.3,Fair
F,62,23,17.9,Fair
F,62,24,18.4,Fair
F,62,25,18.9,Fair
F,62,26,19.5,Fair
F,62,27,20,Fair
F,62,28,20.6,Fair
F,62,29,21.1,Fair
F,62,30,21.6,Fair
F,62,31,22.2,Fair
F,62,32,22.7,Fair
F,62,33,23.3,Fair
F,62,34,23.8,Fair
F,62,35,24.4,Fair
F,62,36,24.9,Fair
F,62,37,25.4,Fair
F,62,38,26,Fair
F,62,39,26.5,Fair
F,62,40,27.1,Normal
F,62,41,27.1,Normal
F,62,42,27.2,Normal
F,62,43,27.2,Normal
F,62,44,27.3,Normal
F,62,45,27.4,Normal
F,62,46,27.4,Normal
F,62,47,27.5,Normal
F,62,48,27.5,Normal
F,62,49,27.6,Normal
F,62,50,27.7,Normal
F,62,51,27.7,Normal
F,62,52,27.8,Normal
F,62,53,27.9,Normal
F,62,54,28,Normal
F,62,55,28.1,Normal
F,62,56,28.2,Normal
F,62,57,28.2,Normal
F,62,58,28.3,Normal
F,62,59,28.4,Normal
F,62,60,28.5,Good
F,62,61,28.6,Good
F,62,62,28.7,Good
F,62,63,28.8,Good
F,62,64,28.9,Good
F,62,65,29,Good
F,62,66,29.1,Good
F,62,67,29.2,Good
F,62,68,29.3,Good
F,62,69,29.4,Good
F,62,70,29.5,Good
F,62,71,29.6,Good
F,62,72,29.7,Good
F,62,73,29.8,Good
F,62,74,29.9,Good
F,62,75,30,Good
F,62,76,30.1,Good
F,62,77,30.2,Good
F,62,78,30.3,Good
F,62,79,30.4,Good
F,62,80,30.5,Excellent
F,62,81,30.6,Excellent
F,62,82,30.7,Excellent
F,62,83,30.8,Excellent
F,62,84,30.9,Excellent
F,62,85,31.1,Excellent
F,62,86,31.3,Excellent
F,62,87,31.6,Excellent
F,62,88,31.9,Excellent
F,62,89,32.4,Excellent
F,62,90,32.9,Excellent
F,62,91,33.5,Excellent
F,62,92,34.2,Excellent
F,62,93,35,Excellent
F,62,94,35.9,Excellent
F,62,95,36.9,Excellent
F,62,96,41.5,Excellent
F,62,97,46.1,Excellent
F,62,98,50.7,Excellent
F,62,99,55.3,Excellent
F,63,15,13.4,Poor
F,63,16,14,Poor
F,63,17,14.5,Poor
F,63,18,15,Poor
F,63,19,15.6,Poor
F,63,20,16.1,Fair
F,63,21,16.7,Fair
F,63,22,17.2,Fair
F,63,23,17.7,Fair
F,63,24,18.3,Fair
F,63,25,18.8,Fair
F,63,26,19.3,Fair
F,63,27,19.9,Fair
F,63,28,20.4,Fair
F,63,29,21,Fair
F,63,30,21.5,Fair
F,63,31,22,Fair
F,63,32,22.6,Fair
F,63,33,23.1,Fair
F,63,34,23.6,Fair
F,63,35,24.2,Fair
F,63,36,24.7,Fair
F,63,37,25.3,Fair
F,63,38,25.8,Fair
F,63,39,26.3,Fair
F,63,40,26.9,Normal
F,63,41,26.9,Normal
F,63,42,27,Normal
F,63,43,27,Normal
F,63,44,27.1,Normal
F,63,45,27.2,Normal
F,63,46,27.2,Normal
F,63,47,27.3,Normal
F,63,48,27.3,Normal
F,63,49,27.4,Normal
F,63,50,27.5,Normal
F,63,51,27.5,Normal
F,63,52,27.6,Normal
F,63,53,27.7,Normal
F,63,54,27.8,Normal
F,63,55,27.9,Normal
F,63,56,27.9,Normal
F,63,57,28,Normal
F,63,58,28.1,Normal
F,63,59,28.2,Normal
F,63,60,28.3,Good
F,63,61,28.4,Good
F,63,62,28.5,Good
F,63,63,28.6,Good
F,63,64,28.7,Good
F,63,65,28.8,Good
F,63,66,28.9,Good
F,63,67,29,Good
F,63,68,29.1,Good
F,63,69,29.2,Good
F,63,70,29.3,Good
F,63,71,29.4,Good
F,63,72,29.5,Good
F,63,73,29.6,Good
F,63,74,29.7,Good
F,63,75,29.8,Good
F,63,76,29.8,Good
F,63,77,29.9,Good
F,63,78,30,Good
F,63,79,30.1,Good
F,63,80,30.3,Excellent
F,63,81,30.4,Excellent
F,63,82,30.5,Excellent
F,63,83,30.6,Excellent
F,63,84,30.7,Excellent
F,63,85,30.8,Excellent
F,63,86,31,Excellent
F,63,87,31.3,Excellent
F,63,88,31.7,Excellent
F,63,89,32.2,Excellent
F,63,90,32.7,Excellent
F,63,91,33.3,Excellent
F,63,92,34,Excellent
F,63,93,34.8,Excellent
F,63,94,35.7,Excellent
F,63,95,36.7,Excellent
F,63,96,41.3,Excellent
F,63,97,45.9,Excellent
F,63,98,50.5,Excellent
F,63,99,55,Excellent
F,64,15,13.3,Poor
F,64,16,13.9,Poor
F,64,17,14.4,Poor
F,64,18,14.9,Poor
F,64,19,15.5,Poor
F,64,20,16,Fair
F,64,21,16.5,Fair
F,64,22,17.1,Fair
F,64,23,17.6,Fair
F,64,24,18.1,Fair
F,64,25,18.7,Fair
F,64,26,19.2,Fair
F,64,27,19.7,Fair
F,64,28,20.3,Fair
F,64,29,20.8,Fair
F,64,30,21.3,Fair
F,64,31,21.9,Fair
F,64,32,22.4,Fair
F,64,33,22.9,Fair
F,64,34,23.5,Fair
F,64,35,24,Fair
F,64,36,24.6,Fair
F,64,37,25.1,Fair
F,64,38,25.6,Fair
F,64,39,26.2,Fair
F,64,40,26.7,Normal
F,64,41,26.7,Normal
F,64,42,26.8,Normal
F,64,43,26.9,Normal
F,64,44,26.9,Normal
F,64,45,27,Normal
F,64,46,27,Normal
F,64,47,27.1,Normal
F,64,48,27.2,Normal
F,64,49,27.2,Normal
F,64,50,27.3,Normal
F,64,51,27.4,Normal
F,64,52,27.4,Normal
F,64,53,27.5,Normal
F,64,54,27.6,Normal
F,64,55,27.7,Normal
F,64,56,27.7,Normal
F,64,57,27.8,Normal
F,64,58,27.9,Normal
F,64,59,28,Normal
F,64,60,28.1,Good
F,64,61,28.2,Good
F,64,62,28.3,Good
F,64,63,28.4,Good
F,64,64,28.5,Good
F,64,65,28.6,Good
F,64,66,28.7,Good
F,64,67,28.8,Good
F,64,68,28.9,Good
F,64,69,29,Good
F,64,70,29.1,Good
F,64,71,29.2,Good
F,64,72,29.3,Good
F,64,73,29.4,Good
F,64,74,29.4,Good
F,64,75,29.5,Good
F,64,76,29.6,Good
F,64,77,29.7,Good
F,64,78,29.8,Good
F,64,79,29.9,Good
F,64,80,30,Excellent
F,64,81,30.1,Excellent
F,64,82,30.2,Excellent
F,64,83,30.3,Excellent
F,64,84,30.4,Excellent
F,64,85,30.6,Excellent
F,64,86,30.8,Excellent
F,64,87,31.1,Excellent
F,64,88,31.4,Excellent
F,64,89,31.9,Excellent
F,64,90,32.5,Excellent
F,64,91,33.1,Excellent
F,64,92,33.8,Excellent
F,64,93,34.6,Excellent
F,64,94,35.5,Excellent
F,64,95,36.5,Excellent
F,64,96,41.1,Excellent
F,64,97,45.7,Excellent
F,64,98,50.3,Excellent
F,64,99,54.8,Excellent
F,65,15,13.3,Poor
F,65,16,13.8,Poor
F,65,17,14.3,Poor
F,65,18,14.9,Poor
F,65,19,15.4,Poor
F,65,20,15.9,Fair
F,65,21,16.4,Fair
F,65,22,17,Fair
F,65,23,17.5,Fair
F,65,24,18,Fair
F,65,25,18.6,Fair
F,65,26,19.1,Fair
F,65,27,19.6,Fair
F,65,28,20.2,Fair
F,65,29,20.7,Fair
F,65,30,21.2,Fair
F,65,31,21.7,Fair
F,65,32,22.3,Fair
F,65,33,22.8,Fair
F,65,34,23.3,Fair
F,65,35,23.9,Fair
F,65,36,24.4,Fair
F,65,37,24.9,Fair
F,65,38,25.5,Fair
F,65,39,26,Fair
F,65,40,26.5,Normal
F,65,41,26.6,Normal
F,65,42,26.6,Normal
F,65,43,26.7,Normal
F,65,44,26.8,Normal
F,65,45,26.8,Normal
F,65,46,26.9,Normal
F,65,47,26.9,Normal
F,65,48,27,Normal
F,65,49,27,Normal
F,65,50,27.1,Normal
F,65,51,27.2,Normal
F,65,52,27.3,Normal
F,65,53,27.3,Normal
F,65,54,27.4,Normal
F,65,55,27.5,Normal
F,65,56,27.6,Normal
F,65,57,27.7,Normal
F,65,58,27.7,Normal
F,65,59,27.8,Normal
F,65,60,27.9,Good
F,65,61,28,Good
F,65,62,28.1,Good
F,65,63,28.2,Good
F,65,64,28.3,Good
F,65,65,28.4,Good
F,65,66,28.5,Good
F,65,67,28.6,Good
F,65,68,28.7,Good
F,65,69,28.8,Good
F,65,70,28.9,Good
F,65,71,29,Good
F,65,72,29.1,Good
F,65,73,29.2,Good
F,65,74,29.2,Good
F,65,75,29.3,Good
F,65,76,29.4,Good
F,65,77,29.5,Good
F,65,78,29.6,Good
F,65,79,29.7,Good
F,65,80,29.8,Excellent
F,65,81,29.9,Excellent
F,65,82,30,Excellent
F,65,83,30.1,Excellent
F,65,84,30.2,Excellent
F,65,85,30.3,Excellent
F,65,86,30.5,Excellent
F,65,87,30.8,Excellent
F,65,88,31.2,Excellent
F,65,89,31.7,Excellent
F,65,90,32.3,Excellent
F,65,91,32.9,Excellent
F,65,92,33.6,Excellent
F,65,93,34.4,Excellent
F,65,94,35.4,Excellent
F,65,95,36.4,Excellent
F,65,96,41,Excellent
F,65,97,45.5,Excellent
F,65,98,50.1,Excellent
F,65,99,54.6,Excellent
F,66,15,13.2,Poor
F,66,16,13.7,Poor
F,66,17,14.2,Poor
F,66,18,14.8,Poor
F,66,19,15.3,Poor
F,66,20,15.8,Fair
F,66,21,16.4,Fair
F,66,22,16.9,Fair
F,66,23,17.4,Fair
F,66,24,17.9,Fair
F,66,25,18.5,Fair
F,66,26,19,Fair
F,66,27,19.5,Fair
F,66,28,20,Fair
F,66,29,20.6,Fair
F,66,30,21.1,Fair
F,66,31,21.6,Fair
F,66,32,22.2,Fair
F,66,33,22.7,Fair
F,66,34,23.2,Fair
F,66,35,23.7,Fair
F,66,36,24.3,Fair
F,66,37,24.8,Fair
F,66,38,25.3,Fair
F,66,39,25.9,Fair
F,66,40,26.4,Normal
F,66,41,26.4,Normal
F,66,42,26.5,Normal
F,66,43,26.6,Normal
F,66,44,26.6,Normal
F,66,45,26.7,Normal
F,66,46,26.7,Normal
F,66,47,26.8,Normal
F,66,48,26.8,Normal
F,66,49,26.9,Normal
F,66,50,27,Normal
F,66,51,27,Normal
F,66,52,27.1,Normal
F,66,53,27.2,Normal
F,66,54,27.3,Normal
F,66,55,27.3,Normal
F,66,56,27.4,Normal
F,66,57,27.5,Normal
F,66,58,27.6,Normal
F,66,59,27.7,Normal
F,66,60,27.8,Good
F,66,61,27.8,Good
F,66,62,27.9,Good
F,66,63,28,Good
F,66,64,28.1,Good
F,66,65,28.2,Good
F,66,66,28.3,Good
F,66,67,28.4,Good
F,66,68,28.5,Good
F,66,69,28.6,Good
F,66,70,28.7,Good
F,66,71,28.8,Good
F,66,72,28.9,Good
F,66,73,29,Good
F,66,74,29.1,Good
F,66,75,29.2,Good
F,66,76,29.3,Good
F,66,77,29.3,Good
F,66,78,29.4,Good
F,66,79,29.5,Good
F,66,80,29.7,Excellent
F,66,81,29.8,Excellent
F,66,82,29.8,Excellent
F,66,83,29.9,Excellent
F,66,84,30,Excellent
F,66,85,30.1,Excellent
F,66,86,30.4,Excellent
F,66,87,30.7,Excellent
F,66,88,31,Excellent
F,66,89,31.5,Excellent
F,66,90,32.1,Excellent
F,66,91,32.7,Excellent
F,66,92,33.5,Excellent
F,66,93,34.3,Excellent
F,66,94,35.2,Excellent
F,66,95,36.3,Excellent
F,66,96,40.9,Excellent
F,66,97,45.4,Excellent
F,66,98,49.9,Excellent
F,66,99,54.5,Excellent
F,67,15,13.1,Poor
F,67,16,13.7,Poor
F,67,17,14.2,Poor
F,67,18,14.7,Poor
F,67,19,15.2,Poor
F,67,20,15.8,Fair
F,67,21,16.3,Fair
F,67,22,16.8,Fair
F,67,23,17.3,Fair
F,67,24,17.9,Fair
F,67,25,18.4,Fair
F,67,26,18.9,Fair
F,67,27,19.4,Fair
F,67,28,20,Fair
F,67,29,20.5,Fair
F,67,30,21,Fair
F,67,31,21.5,Fair
F,67,32,22.1,Fair
F,67,33,22.6,Fair
F,67,34,23.1,Fair
F,67,35,23.6,Fair
F,67,36,24.2,Fair
F,67,37,24.7,Fair
F,67,38,25.2,Fair
F,67,39,25.7,Fair
F,67,40,26.3,Normal
F,67,41,26.3,Normal
F,67,42,26.4,Normal
F,67,43,26.4,Normal
F,67,44,26.5,Normal
F,67,45,26.5,Normal
F,67,46,26.6,Normal
F,67,47,26.6,Normal
F,67,48,26.7,Normal
F,67,49,26.8,Normal
F,67,50,26.8,Normal
F,67,51,26.9,Normal
F,67,52,27,Normal
F,67,53,27,Normal
F,67,54,27.1,Normal
F,67,55,27.2,Normal
F,67,56,27.3,Normal
F,67,57,27.4,Normal
F,67,58,27.4,Normal
F,67,59,27.5,Normal
F,67,60,27.6,Good
F,67,61,27.7,Good
F,67,62,27.8,Good
F,67,63,27.9,Good
F,67,64,28,Good
F,67,65,28.1,Good
F,67,66,28.2,Good
F,67,67,28.3,Good
F,67,68,28.4,Good
F,67,69,28.5,Good
F,67,70,28.6,Good
F,67,71,28.6,Good
F,67,72,28.7,Good
F,67,73,28.8,Good
F,67,74,28.9,Good
F,67,75,29,Good
F,67,76,29.1,Good
F,67,77,29.2,Good
F,67,78,29.3,Good
F,67,79,29.4,Good
F,67,80,29.5,Excellent
F,67,81,29.6,Excellent
F,67,82,29.7,Excellent
F,67,83,29.8,Excellent
F,67,84,29.9,Excellent
F,67,85,30,Excellent
F,67,86,30.2,Excellent
F,67,87,30.5,Excellent
F,67,88,30.9,Excellent
F,67,89,31.4,Excellent
F,67,90,31.9,Excellent
F,67,91,32.6,Excellent
F,67,92,33.3,Excellent
F,67,93,34.2,Excellent
F,67,94,35.1,Excellent
F,67,95,36.2,Excellent
F,67,96,40.8,Excellent
F,67,97,45.3,Excellent
F,67,98,49.8,Excellent
F,67,99,54.3,Excellent
F,68,15,13.1,Poor
F,68,16,13.6,Poor
F,68,17,14.1,Poor
F,68,18,14.6,Poor
F,68,19,15.2,Poor
F,68,20,15.7,Fair
F,68,21,16.2,Fair
F,68,22,16.7,Fair
F,68,23,17.3,Fair
F,68,24,17.8,Fair
F,68,25,18.3,Fair
F,68,26,18.8,Fair
F,68,27,19.3,Fair
F,68,28,19.9,Fair
F,68,29,20.4,Fair
F,68,30,20.9,Fair
F,68,31,21.4,Fair
F,68,32,22,Fair
F,68,33,22.5,Fair
F,68,34,23,Fair
F,68,35,23.5,Fair
F,68,36,24.1,Fair
F,68,37,24.6,Fair
F,68,38,25.1,Fair
F,68,39,25.6,Fair
F,68,40,26.1,Normal
F,68,41,26.2,Normal
F,68,42,26.3,Normal
F,68,43,26.3,Normal
F,68,44,26.4,Normal
F,68,45,26.4,Normal
F,68,46,26.5,Normal
F,68,47,26.5,Normal
F,68,48,26.6,Normal
F,68,49,26.6,Normal
F,68,50,26.7,Normal
F,68,51,26.8,Normal
F,68,52,26.8,Normal
F,68,53,26.9,Normal
F,68,54,27,Normal
F,68,55,27.1,Normal
F,68,56,27.1,Normal
F,68,57,27.2,Normal
F,68,58,27.3,Normal
F,68,59,27.4,Normal
F,68,60,27.5,Good
F,68,61,27.6,Good
F,68,62,27.7,Good
F,68,63,27.8,Good
F,68,64,27.9,Good
F,68,65,28,Good
F,68,66,28,Good
F,68,67,28.1,Good
F,68,68,28.2,Good
F,68,69,28.3,Good
F,68,70,28.4,Good
F,68,71,28.5,Good
F,68,72,28.6,Good
F,68,73,28.7,Good
F,68,74,28.8,Good
F,68,75,28.9,Good
F,68,76,29,Good
F,68,77,29.1,Good
F,68,78,29.1,Good
F,68,79,29.2,Good
F,68,80,29.4,Excellent
F,68,81,29.5,Excellent
F,68,82,29.5,Excellent
F,68,83,29.6,Excellent
F,68,84,29.7,Excellent
F,68,85,29.8,Excellent
F,68,86,30,Excellent
F,68,87,30.3,Excellent
F,68,88,30.7,Excellent
F,68,89,31.2,Excellent
F,68,90,31.8,Excellent
F,68,91,32.5,Excellent
F,68,92,33.2,Excellent
F,68,93,34.1,Excellent
F,68,94,35.1,Excellent
F,68,95,36.2,Excellent
F,68,96,40.7,Excellent
F,68,97,45.2,Excellent
F,68,98,49.7,Excellent
F,68,99,54.2,Excellent
F,69,15,13,Poor
F,69,16,13.5,Poor
F,69,17,14.1,Poor
F,69,18,14.6,Poor
F,69,19,15.1,Poor
F,69,20,15.6,Fair
F,69,21,16.2,Fair
F,69,22,16.7,Fair
F,69,23,17.2,Fair
F,69,24,17.7,Fair
F,69,25,18.2,Fair
F,69,26,18.8,Fair
F,69,27,19.3,Fair
F,69,28,19.8,Fair
F,69,29,20.3,Fair
F,69,30,20.8,Fair
F,69,31,21.4,Fair
F,69,32,21.9,Fair
F,69,33,22.4,Fair
F,69,34,22.9,Fair
F,69,35,23.4,Fair
F,69,36,24,Fair
F,69,37,24.5,Fair
F,69,38,25,Fair
F,69,39,25.5,Fair
F,69,40,26,Normal
F,69,41,26.1,Normal
F,69,42,26.2,Normal
F,69,43,26.2,Normal
F,69,44,26.3,Normal
F,69,45,26.3,Normal
F,69,46,26.4,Normal
F,69,47,26.4,Normal
F,69,48,26.5,Normal
F,69,49,26.5,Normal
F,69,50,26.6,Normal
F,69,51,26.7,Normal
F,69,52,26.7,Normal
F,69,53,26.8,Normal
F,69,54,26.9,Normal
F,69,55,27,Normal
F,69,56,27,Normal
F,69,57,27.1,Normal
F,69,58,27.2,Normal
F,69,59,27.3,Normal
F,69,60,27.4,Good
F,69,61,27.5,Good
F,69,62,27.6,Good
F,69,63,27.7,Good
F,69,64,27.7,Good
F,69,65,27.8,Good
F,69,66,27.9,Good
F,69,67,28,Good
F,69,68,28.1,Good
F,69,69,28.2,Good
F,69,70,28.3,Good
F,69,71,28.4,Good
F,69,72,28.5,Good
F,69,73,28.6,Good
F,69,74,28.7,Good
F,69,75,28.8,Good
F,69,76,28.8,Good
F,69,77,28.9,Good
F,69,78,29,Good
F,69,79,29.1,Good
F,69,80,29.2,Excellent
F,69,81,29.3,Excellent
F,69,82,29.4,Excellent
F,69,83,29.5,Excellent
F,69,84,29.6,Excellent
F,69,85,29.7,Excellent
F,69,86,29.9,Excellent
F,69,87,30.2,Excellent
F,69,88,30.6,Excellent
F,69,89,31.1,Excellent
F,69,90,31.7,Excellent
F,69,91,32.4,Excellent
F,69,92,33.1,Excellent
F,69,93,34,Excellent
F,69,94,35,Excellent
F,69,95,36.1,Excellent
F,69,96,40.6,Excellent
F,69,97,45.1,Excellent
F,69,98,49.6,Excellent
F,69,99,54.1,Excellent
F,70,15,13,Poor
F,70,16,13.5,Poor
F,70,17,14,Poor
F,70,18,14.5,Poor
F,70,19,15.1,Poor
F,70,20,15.6,Fair
F,70,21,16.1,Fair
F,70,22,16.6,Fair
F,70,23,17.1,Fair
F,70,24,17.7,Fair
F,70,25,18.2,Fair
F,70,26,18.7,Fair
F,70,27,19.2,Fair
F,70,28,19.7,Fair
F,70,29,20.3,Fair
F,70,30,20.8,Fair
F,70,31,21.3,Fair
F,70,32,21.8,Fair
F,70,33,22.3,Fair
F,70,34,22.9,Fair
F,70,35,23.4,Fair
F,70,36,23.9,Fair
F,70,37,24.4,Fair
F,70,38,24.9,Fair
F,70,39,25.5,Fair
F,70,40,26,Normal
F,70,41,26,Normal
F,70,42,26.1,Normal
F,70,43,26.1,Normal
F,70,44,26.2,Normal
F,70,45,26.2,Normal
F,70,46,26.3,Normal
F,70,47,26.3,Normal
F,70,48,26.4,Normal
F,70,49,26.5,Normal
F,70,50,26.5,Normal
F,70,51,26.6,Normal
F,70,52,26.7,Normal
F,70,53,26.7,Normal
F,70,54,26.8,Normal
F,70,55,26.9,Normal
F,70,56,27,Normal
F,70,57,27,Normal
F,70,58,27.1,Normal
F,70,59,27.2,Normal
F,70,60,27.3,Good
F,70,61,27.4,Good
F,70,62,27.5,Good
F,70,63,27.6,Good
F,70,64,27.7,Good
F,70,65,27.8,Good
F,70,66,27.9,Good
F,70,67,27.9,Good
F,70,68,28,Good
F,70,69,28.1,Good
F,70,70,28.2,Good
F,70,71,28.3,Good
F,70,72,28.4,Good
F,70,73,28.5,Good
F,70,74,28.6,Good
F,70,75,28.7,Good
F,70,76,28.8,Good
F,70,77,28.8,Good
F,70,78,28.9,Good
F,70,79,29,Good
F,70,80,29.1,Excellent
F,70,81,29.2,Excellent
F,70,82,29.3,Excellent
F,70,83,29.4,Excellent
F,70,84,29.5,Excellent
F,70,85,29.6,Excellent
F,70,86,29.8,Excellent
F,70,87,30.1,Excellent
F,70,88,30.5,Excellent
F,70,89,31,Excellent
F,70,90,31.6,Excellent
F,70,91,32.3,Excellent
F,70,92,33,Excellent
F,70,93,33.9,Excellent
F,70,94,34.9,Excellent
F,70,95,36,Excellent
F,70,96,40.5,Excellent
F,70,97,45.1,Excellent
F,70,98,49.6,Excellent
F,70,99,54.1,Excellent
F,71,15,13,Poor
F,71,16,13.5,Poor
F,71,17,14,Poor
F,71,18,14.5,Poor
F,71,19,15,Poor
F,71,20,15.5,Fair
F,71,21,16.1,Fair
F,71,22,16.6,Fair
F,71,23,17.1,Fair
F,71,24,17.6,Fair
F,71,25,18.1,Fair
F,71,26,18.7,Fair
F,71,27,19.2,Fair
F,71,28,19.7,Fair
F,71,29,20.2,Fair
F,71,30,20.7,Fair
F,71,31,21.3,Fair
F,71,32,21.8,Fair
F,71,33,22.3,Fair
F,71,34,22.8,Fair
F,71,35,23.3,Fair
F,71,36,23.8,Fair
F,71,37,24.4,Fair
F,71,38,24.9,Fair
F,71,39,25.4,Fair
F,71,40,25.9,Normal
F,71,41,26,Normal
F,71,42,26,Normal
F,71,43,26.1,Normal
F,71,44,26.1,Normal
F,71,45,26.2,Normal
F,71,46,26.2,Normal
F,71,47,26.3,Normal
F,71,48,26.3,Normal
F,71,49,26.4,Normal
F,71,50,26.5,Normal
F,71,51,26.5,Normal
F,71,52,26.6,Normal
F,71,53,26.7,Normal
F,71,54,26.7,Normal
F,71,55,26.8,Normal
F,71,56,26.9,Normal
F,71,57,27,Normal
F,71,58,27.1,Normal
F,71,59,27.1,Normal
F,71,60,27.2,Good
F,71,61,27.3,Good
F,71,62,27.4,Good
F,71,63,27.5,Good
F,71,64,27.6,Good
F,71,65,27.7,Good
F,71,66,27.8,Good
F,71,67,27.9,Good
F,71,68,28,Good
F,71,69,28.1,Good
F,71,70,28.2,Good
F,71,71,28.2,Good
F,71,72,28.3,Good
F,71,73,28.4,Good
F,71,74,28.5,Good
F,71,75,28.6,Good
F,71,76,28.7,Good
F,71,77,28.8,Good
F,71,78,28.9,Good
F,71,79,29,Good
F,71,80,29.1,Excellent
F,71,81,29.2,Excellent
F,71,82,29.3,Excellent
F,71,83,29.3,Excellent
F,71,84,29.4,Excellent
F,71,85,29.5,Excellent
F,71,86,29.7,Excellent
F,71,87,30.1,Excellent
F,71,88,30.5,Excellent
F,71,89,31,Excellent
F,71,90,31.5,Excellent
F,71,91,32.2,Excellent
F,71,92,33,Excellent
F,71,93,33.9,Excellent
F,71,94,34.9,Excellent
F,71,95,36,Excellent
F,71,96,40.5,Excellent
F,71,97,45,Excellent
F,71,98,49.5,Excellent
F,71,99,54,Excellent
F,72,15,12.9,Poor
F,72,16,13.5,Poor
F,72,17,14,Poor
F,72,18,14.5,Poor
F,72,19,15,Poor
F,72,20,15.5,Fair
F,72,21,16,Fair
F,72,22,16.6,Fair
F,72,23,17.1,Fair
F,72,24,17.6,Fair
F,72,25,18.1,Fair
F,72,26,18.6,Fair
F,72,27,19.1,Fair
F,72,28,19.7,Fair
F,72,29,20.2,Fair
F,72,30,20.7,Fair
F,72,31,21.2,Fair
F,72,32,21.7,Fair
F,72,33,22.2,Fair
F,72,34,22.8,Fair
F,72,35,23.3,Fair
F,72,36,23.8,Fair
F,72,37,24.3,Fair
F,72,38,24.8,Fair
F,72,39,25.4,Fair
F,72,40,25.9,Normal
F,72,41,25.9,Normal
F,72,42,26,Normal
F,72,43,26,Normal
F,72,44,26.1,Normal
F,72,45,26.1,Normal
F,72,46,26.2,Normal
F,72,47,26.2,Normal
F,72,48,26.3,Normal
F,72,49,26.4,Normal
F,72,50,26.4,Normal
F,72,51,26.5,Normal
F,72,52,26.5,Normal
F,72,53,26.6,Normal
F,72,54,26.7,Normal
F,72,55,26.8,Normal
F,72,56,26.8,Normal
F,72,57,26.9,Normal
F,72,58,27,Normal
F,72,59,27.1,Normal
F,72,60,27.2,Good
F,72,61,27.3,Good
F,72,62,27.4,Good
F,72,63,27.4,Good
F,72,64,27.5,Good
F,72,65,27.6,Good
F,72,66,27.7,Good
F,72,67,27.8,Good
F,72,68,27.9,Good
F,72,69,28,Good
F,72,70,28.1,Good
F,72,71,28.2,Good
F,72,72,28.3,Good
F,72,73,28.4,Good
F,72,74,28.5,Good
F,72,75,28.5,Good
F,72,76,28.6,Good
F,72,77,28.7,Good
F,72,78,28.8,Good
F,72,79,28.9,Good
F,72,80,29,Excellent
F,72,81,29.1,Excellent
F,72,82,29.2,Excellent
F,72,83,29.3,Excellent
F,72,84,29.4,Excellent
F,72,85,29.5,Excellent
F,72,86,29.7,Excellent
F,72,87,30,Excellent
F,72,88,30.4,Excellent
F,72,89,30.9,Excellent
F,72,90,31.5,Excellent
F,72,91,32.2,Excellent
F,72,92,32.9,Excellent
F,72,93,33.8,Excellent
F,72,94,34.9,Excellent
F,72,95,36,Excellent
F,72,96,40.5,Excellent
F,72,97,45,Excellent
F,72,98,49.5,Excellent
F,72,99,54,Excellent
F,73,15,12.9,Poor
F,73,16,13.4,Poor
F,73,17,14,Poor
F,73,18,14.5,Poor
F,73,19,15,Poor
F,73,20,15.5,Fair
F,73,21,16,Fair
F,73,22,16.5,Fair
F,73,23,17.1,Fair
F,73,24,17.6,Fair
F,73,25,18.1,Fair
F,73,26,18.6,Fair
F,73,27,19.1,Fair
F,73,28,19.6,Fair
F,73,29,20.2,Fair
F,73,30,20.7,Fair
F,73,31,21.2,Fair
F,73,32,21.7,Fair
F,73,33,22.2,Fair
F,73,34,22.7,Fair
F,73,35,23.3,Fair
F,73,36,23.8,Fair
F,73,37,24.3,Fair
F,73,38,24.8,Fair
F,73,39,25.3,Fair
F,73,40,25.8,Normal
F,73,41,25.9,Normal
F,73,42,25.9,Normal
F,73,43,26,Normal
F,73,44,26.1,Normal
F,73,45,26.1,Normal
F,73,46,26.2,Normal
F,73,47,26.2,Normal
F,73,48,26.3,Normal
F,73,49,26.3,Normal
F,73,50,26.4,Normal
F,73,51,26.4,Normal
F,73,52,26.5,Normal
F,73,53,26.6,Normal
F,73,54,26.7,Normal
F,73,55,26.7,Normal
F,73,56,26.8,Normal
F,73,57,26.9,Normal
F,73,58,27,Normal
F,73,59,27.1,Normal
F,73,60,27.1,Good
F,73,61,27.2,Good
F,73,62,27.3,Good
F,73,63,27.4,Good
F,73,64,27.5,Good
F,73,65,27.6,Good
F,73,66,27.7,Good
F,73,67,27.8,Good
F,73,68,27.9,Good
F,73,69,28,Good
F,73,70,28.1,Good
F,73,71,28.2,Good
F,73,72,28.2,Good
F,73,73,28.3,Good
F,73,74,28.4,Good
F,73,75,28.5,Good
F,73,76,28.6,Good
F,73,77,28.7,Good
F,73,78,28.8,Good
F,73,79,28.9,Good
F,73,80,29,Excellent
F,73,81,29.1,Excellent
F,73,82,29.2,Excellent
F,73,83,29.2,Excellent
F,73,84,29.3,Excellent
F,73,85,29.4,Excellent
F,73,86,29.7,Excellent
F,73,87,30,Excellent
F,73,88,30.4,Excellent
F,73,89,30.9,Excellent
F,73,90,31.5,Excellent
F,73,91,32.1,Excellent
F,73,92,32.9,Excellent
F,73,93,33.8,Excellent
F,73,94,34.8,Excellent
F,73,95,36,Excellent
F,73,96,40.5,Excellent
F,73,97,45,Excellent
F,73,98,49.5,Excellent
F,73,99,54,Excellent
F,74,15,12.9,Poor
F,74,16,13.4,Poor
F,74,17,13.9,Poor
F,74,18,14.5,Poor
F,74,19,15,Poor
F,74,20,15.5,Fair
F,74,21,16,Fair
F,74,22,16.5,Fair
F,74,23,17,Fair
F,74,24,17.6,Fair
F,74,25,18.1,Fair
F,74,26,18.6,Fair
F,74,27,19.1,Fair
F,74,28,19.6,Fair
F,74,29,20.1,Fair
F,74,30,20.7,Fair
F,74,31,21.2,Fair
F,74,32,21.7,Fair
F,74,33,22.2,Fair
F,74,34,22.7,Fair
F,74,35,23.2,Fair
F,74,36,23.8,Fair
F,74,37,24.3,Fair
F,74,38,24.8,Fair
F,74,39,25.3,Fair
F,74,40,25.8,Normal
F,74,41,25.9,Normal
F,74,42,25.9,Normal
F,74,43,26,Normal
F,74,44,26,Normal
F,74,45,26.1,Normal
F,74,46,26.1,Normal
F,74,47,26.2,Normal
F,74,48,26.2,Normal
F,74,49,26.3,Normal
F,74,50,26.4,Normal
F,74,51,26.4,Normal
F,74,52,26.5,Normal
F,74,53,26.6,Normal
F,74,54,26.6,Normal
F,74,55,26.7,Normal
F,74,56,26.8,Normal
F,74,57,26.9,Normal
F,74,58,27,Normal
F,74,59,27,Normal
F,74,60,27.1,Good
F,74,61,27.2,Good
F,74,62,27.3,Good
F,74,63,27.4,Good
F,74,64,27.5,Good
F,74,65,27.6,Good
F,74,66,27.7,Good
F,74,67,27.8,Good
F,74,68,27.9,Good
F,74,69,27.9,Good
F,74,70,28,Good
F,74,71,28.1,Good
F,74,72,28.2,Good
F,74,73,28.3,Good
F,74,74,28.4,Good
F,74,75,28.5,Good
F,74,76,28.6,Good
F,74,77,28.7,Good
F,74,78,28.7,Good
F,74,79,28.8,Good
F,74,80,29,Excellent
F,74,81,29.1,Excellent
F,74,82,29.1,Excellent
F,74,83,29.2,Excellent
F,74,84,29.3,Excellent
F,74,85,29.4,Excellent
F,74,86,29.6,Excellent
F,74,87,29.9,Excellent
F,74,88,30.3,Excellent
F,74,89,30.9,Excellent
F,74,90,31.4,Excellent
F,74,91,32.1,Excellent
F,74,92,32.9,Excellent
F,74,93,33.8,Excellent
F,74,94,34.8,Excellent
F,74,95,36,Excellent
F,74,96,40.5,Excellent
F,74,97,45,Excellent
F,74,98,49.5,Excellent
F,74,99,54,Excellent
F,75,15,12.9,Poor
F,75,16,13.4,Poor
F,75,17,13.9,Poor
F,75,18,14.5,Poor
F,75,19,15,Poor
F,75,20,15.5,Fair
F,75,21,16,Fair
F,75,22,16.5,Fair
F,75,23,17,Fair
F,75,24,17.6,Fair
F,75,25,18.1,Fair
F,75,26,18.6,Fair
F,75,27,19.1,Fair
F,75,28,19.6,Fair
F,75,29,20.1,Fair
F,75,30,20.7,Fair
F,75,31,21.2,Fair
F,75,32,21.7,Fair
F,75,33,22.2,Fair
F,75,34,22.7,Fair
F,75,35,23.2,Fair
F,75,36,23.7,Fair
F,75,37,24.3,Fair
F,75,38,24.8,Fair
F,75,39,25.3,Fair
F,75,40,25.8,Normal
F,75,41,25.9,Normal
F,75,42,25.9,Normal
F,75,43,26,Normal
F,75,44,26,Normal
F,75,45,26.1,Normal
F,75,46,26.1,Normal
F,75,47,26.2,Normal
F,75,48,26.2,Normal
F,75,49,26.3,Normal
F,75,50,26.3,Normal
F,75,51,26.4,Normal
F,75,52,26.5,Normal
F,75,53,26.6,Normal
F,75,54,26.6,Normal
F,75,55,26.7,Normal
F,75,56,26.8,Normal
F,75,57,26.9,Normal
F,75,58,26.9,Normal
F,75,59,27,Normal
F,75,60,27.1,Good
F,75,61,27.2,Good
F,75,62,27.3,Good
F,75,63,27.4,Good
F,75,64,27.5,Good
F,75,65,27.6,Good
F,75,66,27.7,Good
F,75,67,27.8,Good
F,75,68,27.8,Good
F,75,69,27.9,Good
F,75,70,28,Good
F,75,71,28.1,Good
F,75,72,28.2,Good
F,75,73,28.3,Good
F,75,74,28.4,Good
F,75,75,28.5,Good
F,75,76,28.6,Good
F,75,77,28.6,Good
F,75,78,28.7,Good
F,75,79,28.8,Good
F,75,80,28.9,Excellent
F,75,81,29,Excellent
F,75,82,29.1,Excellent
F,75,83,29.2,Excellent
F,75,84,29.3,Excellent
F,75,85,29.4,Excellent
F,75,86,29.6,Excellent
F,75,87,29.9,Excellent
F,75,88,30.3,Excellent
F,75,89,30.9,Excellent
F,75,90,31.4,Excellent
F,75,91,32.1,Excellent
F,75,92,32.9,Excellent
F,75,93,33.8,Excellent
F,75,94,34.8,Excellent
F,75,95,36,Excellent
F,75,96,40.5,Excellent
F,75,97,45,Excellent
F,75,98,49.5,Excellent
F,75,99,54,Excellent
F,76,15,12.9,Poor
F,76,16,13.4,Poor
F,76,17,13.9,Poor
F,76,18,14.5,Poor
F,76,19,15,Poor
F,76,20,15.5,Fair
F,76,21,16,Fair
F,76,22,16.5,Fair
F,76,23,17,Fair
F,76,24,17.6,Fair
F,76,25,18.1,Fair
F,76,26,18.6,Fair
F,76,27,19.1,Fair
F,76,28,19.6,Fair
F,76,29,20.1,Fair
F,76,30,20.7,Fair
F,76,31,21.2,Fair
F,76,32,21.7,Fair
F,76,33,22.2,Fair
F,76,34,22.7,Fair
F,76,35,23.2,Fair
F,76,36,23.8,Fair
F,76,37,24.3,Fair
F,76,38,24.8,Fair
F,76,39,25.3,Fair
F,76,40,25.8,Normal
F,76,41,25.9,Normal
F,76,42,25.9,Normal
F,76,43,26,Normal
F,76,44,26,Normal
F,76,45,26.1,Normal
F,76,46,26.1,Normal
F,76,47,26.2,Normal
F,76,48,26.2,Normal
F,76,49,26.3,Normal
F,76,50,26.4,Normal
F,76,51,26.4,Normal
F,76,52,26.5,Normal
F,76,53,26.6,Normal
F,76,54,26.6,Normal
F,76,55,26.7,Normal
F,76,56,26.8,Normal
F,76,57,26.9,Normal
F,76,58,26.9,Normal
F,76,59,27,Normal
F,76,60,27.1,Good
F,76,61,27.2,Good
F,76,62,27.3,Good
F,76,63,27.4,Good
F,76,64,27.5,Good
F,76,65,27.6,Good
F,76,66,27.7,Good
F,76,67,27.8,Good
F,76,68,27.9,Good
F,76,69,27.9,Good
F,76,70,28,Good
F,76,71,28.1,Good
F,76,72,28.2,Good
F,76,73,28.3,Good
F,76,74,28.4,Good
F,76,75,28.5,Good
F,76,76,28.6,Good
F,76,77,28.6,Good
F,76,78,28.7,Good
F,76,79,28.8,Good
F,76,80,28.9,Excellent
F,76,81,29.1,Excellent
F,76,82,29.1,Excellent
F,76,83,29.2,Excellent
F,76,84,29.3,Excellent
F,76,85,29.4,Excellent
F,76,86,29.6,Excellent
F,76,87,29.9,Excellent
F,76,88,30.3,Excellent
F,76,89,30.9,Excellent
F,76,90,31.4,Excellent
F,76,91,32.1,Excellent
F,76,92,32.9,Excellent
F,76,93,33.8,Excellent
F,76,94,34.8,Excellent
F,76,95,36,Excellent
F,76,96,40.5,Excellent
F,76,97,45,Excellent
F,76,98,49.5,Excellent
F,76,99,54,Excellent
F,77,15,12.9,Poor
F,77,16,13.4,Poor
F,77,17,13.9,Poor
F,77,18,14.5,Poor
F,77,19,15,Poor
F,77,20,15.5,Fair
F,77,21,16,Fair
F,77,22,16.5,Fair
F,77,23,17,Fair
F,77,24,17.6,Fair
F,77,25,18.1,Fair
F,77,26,18.6,Fair
F,77,27,19.1,Fair
F,77,28,19.6,Fair
F,77,29,20.1,Fair
F,77,30,20.7,Fair
F,77,31,21.2,Fair
F,77,32,21.7,Fair
F,77,33,22.2,Fair
F,77,34,22.7,Fair
F,77,35,23.2,Fair
F,77,36,23.8,Fair
F,77,37,24.3,Fair
F,77,38,24.8,Fair
F,77,39,25.3,Fair
F,77,40,25.8,Normal
F,77,41,25.9,Normal
F,77,42,25.9,Normal
F,77,43,26,Normal
F,77,44,26,Normal
F,77,45,26.1,Normal
F,77,46,26.1,Normal
F,77,47,26.2,Normal
F,77,48,26.2,Normal
F,77,49,26.3,Normal
F,77,50,26.4,Normal
F,77,51,26.4,Normal
F,77,52,26.5,Normal
F,77,53,26.6,Normal
F,77,54,26.6,Normal
F,77,55,26.7,Normal
F,77,56,26.8,Normal
F,77,57,26.9,Normal
F,77,58,27,Normal
F,77,59,27,Normal
F,77,60,27.1,Good
F,77,61,27.2,Good
F,77,62,27.3,Good
F,77,63,27.4,Good
F,77,64,27.5,Good
F,77,65,27.6,Good
F,77,66,27.7,Good
F,77,67,27.8,Good
F,77,68,27.9,Good
F,77,69,28,Good
F,77,70,28,Good
F,77,71,28.1,Good
F,77,72,28.2,Good
F,77,73,28.3,Good
F,77,74,28.4,Good
F,77,75,28.5,Good
F,77,76,28.6,Good
F,77,77,28.7,Good
F,77,78,28.8,Good
F,77,79,28.9,Good
F,77,80,29,Excellent
F,77,81,29.1,Excellent
F,77,82,29.1,Excellent
F,77,83,29.2,Excellent
F,77,84,29.3,Excellent
F,77,85,29.4,Excellent
F,77,86,29.6,Excellent
F,77,87,29.9,Excellent
F,77,88,30.4,Excellent
F,77,89,30.9,Excellent
F,77,90,31.5,Excellent
F,77,91,32.1,Excellent
F,77,92,32.9,Excellent
F,77,93,33.8,Excellent
F,77,94,34.9,Excellent
F,77,95,36,Excellent
F,77,96,40.5,Excellent
F,77,97,45,Excellent
F,77,98,49.5,Excellent
F,77,99,54,Excellent
F,78,15,12.9,Poor
F,78,16,13.4,Poor
F,78,17,14,Poor
F,78,18,14.5,Poor
F,78,19,15,Poor
F,78,20,15.5,Fair
F,78,21,16,Fair
F,78,22,16.5,Fair
F,78,23,17.1,Fair
F,78,24,17.6,Fair
F,78,25,18.1,Fair
F,78,26,18.6,Fair
F,78,27,19.1,Fair
F,78,28,19.6,Fair
F,78,29,20.2,Fair
F,78,30,20.7,Fair
F,78,31,21.2,Fair
F,78,32,21.7,Fair
F,78,33,22.2,Fair
F,78,34,22.7,Fair
F,78,35,23.3,Fair
F,78,36,23.8,Fair
F,78,37,24.3,Fair
F,78,38,24.8,Fair
F,78,39,25.3,Fair
F,78,40,25.8,Normal
F,78,41,25.9,Normal
F,78,42,26,Normal
F,78,43,26,Normal
F,78,44,26.1,Normal
F,78,45,26.1,Normal
F,78,46,26.2,Normal
F,78,47,26.2,Normal
F,78,48,26.3,Normal
F,78,49,26.3,Normal
F,78,50,26.4,Normal
F,78,51,26.5,Normal
F,78,52,26.5,Normal
F,78,53,26.6,Normal
F,78,54,26.7,Normal
F,78,55,26.7,Normal
F,78,56,26.8,Normal
F,78,57,26.9,Normal
F,78,58,27,Normal
F,78,59,27.1,Normal
F,78,60,27.2,Good
F,78,61,27.2,Good
F,78,62,27.3,Good
F,78,63,27.4,Good
F,78,64,27.5,Good
F,78,65,27.6,Good
F,78,66,27.7,Good
F,78,67,27.8,Good
F,78,68,27.9,Good
F,78,69,28,Good
F,78,70,28.1,Good
F,78,71,28.2,Good
F,78,72,28.3,Good
F,78,73,28.3,Good
F,78,74,28.4,Good
F,78,75,28.5,Good
F,78,76,28.6,Good
F,78,77,28.7,Good
F,78,78,28.8,Good
F,78,79,28.9,Good
F,78,80,29,Excellent
F,78,81,29.1,Excellent
F,78,82,29.2,Excellent
F,78,83,29.2,Excellent
F,78,84,29.3,Excellent
F,78,85,29.5,Excellent
F,78,86,29.7,Excellent
F,78,87,30,Excellent
F,78,88,30.4,Excellent
F,78,89,30.9,Excellent
F,78,90,31.5,Excellent
F,78,91,32.2,Excellent
F,78,92,32.9,Excellent
F,78,93,33.8,Excellent
F,78,94,34.9,Excellent
F,78,95,36,Excellent
F,78,96,40.5,Excellent
F,78,97,45,Excellent
F,78,98,49.5,Excellent
F,78,99,54,Excellent
F,79,15,12.9,Poor
F,79,16,13.5,Poor
F,79,17,14,Poor
F,79,18,14.5,Poor
F,79,19,15,Poor
F,79,20,15.5,Fair
F,79,21,16,Fair
F,79,22,16.6,Fair
F,79,23,17.1,Fair
F,79,24,17.6,Fair
F,79,25,18.1,Fair
F,79,26,18.6,Fair
F,79,27,19.1,Fair
F,79,28,19.7,Fair
F,79,29,20.2,Fair
F,79,30,20.7,Fair
F,79,31,21.2,Fair
F,79,32,21.7,Fair
F,79,33,22.3,Fair
F,79,34,22.8,Fair
F,79,35,23.3,Fair
F,79,36,23.8,Fair
F,79,37,24.3,Fair
F,79,38,24.8,Fair
F,79,39,25.4,Fair
F,79,40,25.9,Normal
F,79,41,25.9,Normal
F,79,42,26,Normal
F,79,43,26,Normal
F,79,44,26.1,Normal
F,79,45,26.1,Normal
F,79,46,26.2,Normal
F,79,47,26.2,Normal
F,79,48,26.3,Normal
F,79,49,26.4,Normal
F,79,50,26.4,Normal
F,79,51,26.5,Normal
F,79,52,26.6,Normal
F,79,53,26.6,Normal
F,79,54,26.7,Normal
F,79,55,26.8,Normal
F,79,56,26.9,Normal
F,79,57,26.9,Normal
F,79,58,27,Normal
F,79,59,27.1,Normal
F,79,60,27.2,Good
F,79,61,27.3,Good
F,79,62,27.4,Good
F,79,63,27.5,Good
F,79,64,27.5,Good
F,79,65,27.6,Good
F,79,66,27.7,Good
F,79,67,27.8,Good
F,79,68,27.9,Good
F,79,69,28,Good
F,79,70,28.1,Good
F,79,71,28.2,Good
F,79,72,28.3,Good
F,79,73,28.4,Good
F,79,74,28.5,Good
F,79,75,28.5,Good
F,79,76,28.6,Good
F,79,77,28.7,Good
F,79,78,28.8,Good
F,79,79,28.9,Good
F,79,80,29,Excellent
F,79,81,29.1,Excellent
F,79,82,29.2,Excellent
F,79,83,29.3,Excellent
F,79,84,29.4,Excellent
F,79,85,29.5,Excellent
F,79,86,29.7,Excellent
F,79,87,30,Excellent
F,79,88,30.4,Excellent
F,79,89,30.9,Excellent
F,79,90,31.5,Excellent
F,79,91,32.2,Excellent
F,79,92,33,Excellent
F,79,93,33.9,Excellent
F,79,94,34.9,Excellent
F,79,95,36,Excellent
F,79,96,40.5,Excellent
F,79,97,45,Excellent
F,79,98,49.5,Excellent
F,79,99,54,Excellent
F,80,15,13,Poor
F,80,16,13.5,Poor
F,80,17,14,Poor
F,80,18,14.5,Poor
F,80,19,15,Poor
F,80,20,15.5,Fair
F,80,21,16.1,Fair
F,80,22,16.6,Fair
F,80,23,17.1,Fair
F,80,24,17.6,Fair
F,80,25,18.1,Fair
F,80,26,18.7,Fair
F,80,27,19.2,Fair
F,80,28,19.7,Fair
F,80,29,20.2,Fair
F,80,30,20.7,Fair
F,80,31,21.2,Fair
F,80,32,21.8,Fair
F,80,33,22.3,Fair
F,80,34,22.8,Fair
F,80,35,23.3,Fair
F,80,36,23.8,Fair
F,80,37,24.4,Fair
F,80,38,24.9,Fair
F,80,39,25.4,Fair
F,80,40,25.9,Normal
F,80,41,26,Normal
F,80,42,26,Normal
F,80,43,26.1,Normal
F,80,44,26.1,Normal
F,80,45,26.2,Normal
F,80,46,26.2,Normal
F,80,47,26.3,Normal
F,80,48,26.3,Normal
F,80,49,26.4,Normal
F,80,50,26.5,Normal
F,80,51,26.5,Normal
F,80,52,26.6,Normal
F,80,53,26.7,Normal
F,80,54,26.7,Normal
F,80,55,26.8,Normal
F,80,56,26.9,Normal
F,80,57,27,Normal
F,80,58,27.1,Normal
F,80,59,27.1,Normal
F,80,60,27.2,Good
F,80,61,27.3,Good
F,80,62,27.4,Good
F,80,63,27.5,Good
F,80,64,27.6,Good
F,80,65,27.7,Good
F,80,66,27.8,Good
F,80,67,27.9,Good
F,80,68,28,Good
F,80,69,28.1,Good
F,80,70,28.1,Good
F,80,71,28.2,Good
F,80,72,28.3,Good
F,80,73,28.4,Good
F,80,74,28.5,Good
F,80,75,28.6,Good
F,80,76,28.7,Good
F,80,77,28.8,Good
F,80,78,28.9,Good
F,80,79,29,Good
F,80,80,29.1,Excellent
F,80,81,29.2,Excellent
F,80,82,29.3,Excellent
F,80,83,29.3,Excellent
F,80,84,29.4,Excellent
F,80,85,29.5,Excellent
F,80,86,29.7,Excellent
F,80,87,30,Excellent
F,80,88,30.5,Excellent
F,80,89,31,Excellent
F,80,90,31.5,Excellent
F,80,91,32.2,Excellent
F,80,92,33,Excellent
F,80,93,33.9,Excellent
F,80,94,34.9,Excellent
F,80,95,36,Excellent
F,80,96,40.5,Excellent
F,80,97,45,Excellent
F,80,98,49.5,Excellent
F,80,99,54,Excellent
M,20,15,20.8,Poor
M,20,16,21.6,Poor
M,20,17,22.5,Poor
M,20,18,23.3,Poor
M,20,19,24.1,Poor
M,20,20,25,Fair
M,20,21,25.8,Fair
M,20,22,26.6,Fair
M,20,23,27.5,Fair
M,20,24,28.3,Fair
M,20,25,29.1,Fair
M,20,26,30,Fair
M,20,27,30.8,Fair
M,20,28,31.6,Fair
M,20,29,32.5,Fair
M,20,30,33.3,Fair
M,20,31,34.1,Fair
M,20,32,35,Fair
M,20,33,35.8,Fair
M,20,34,36.6,Fair
M,20,35,37.4,Fair
M,20,36,38.3,Fair
M,20,37,39.1,Fair
M,20,38,39.9,Fair
M,20,39,40.8,Fair
M,20,40,41.6,Normal
M,20,41,41.7,Normal
M,20,42,41.8,Normal
M,20,43,41.8,Normal
M,20,44,41.9,Normal
M,20,45,42,Normal
M,20,46,42.1,Normal
M,20,47,42.1,Normal
M,20,48,42.2,Normal
M,20,49,42.3,Normal
M,20,50,42.4,Normal
M,20,51,42.5,Normal
M,20,52,42.6,Normal
M,20,53,42.7,Normal
M,20,54,42.9,Normal
M,20,55,43,Normal
M,20,56,43.1,Normal
M,20,57,43.3,Normal
M,20,58,43.4,Normal
M,20,59,43.6,Normal
M,20,60,43.7,Good
M,20,61,43.9,Good
M,20,62,44,Good
M,20,63,44.2,Good
M,20,64,44.4,Good
M,20,65,44.5,Good
M,20,66,44.7,Good
M,20,67,44.9,Good
M,20,68,45.1,Good
M,20,69,45.2,Good
M,20,70,45.4,Good
M,20,71,45.6,Good
M,20,72,45.8,Good
M,20,73,46,Good
M,20,74,46.2,Good
M,20,75,46.4,Good
M,20,76,46.6,Good
M,20,77,46.8,Good
M,20,78,47,Good
M,20,79,47.3,Good
M,20,80,47.5,Excellent
M,20,81,47.8,Excellent
M,20,82,48.1,Excellent
M,20,83,48.3,Excellent
M,20,84,48.6,Excellent
M,20,85,49,Excellent
M,20,86,49.3,Excellent
M,20,87,49.8,Excellent
M,20,88,50.3,Excellent
M,20,89,50.8,Excellent
M,20,90,51.4,Excellent
M,20,91,52,Excellent
M,20,92,52.7,Excellent
M,20,93,53.5,Excellent
M,20,94,54.2,Excellent
M,20,95,55.1,Excellent
M,20,96,62,Excellent
M,20,97,68.9,Excellent
M,20,98,75.8,Excellent
M,20,99,82.7,Excellent
M,21,15,20.8,Poor
M,21,16,21.6,Poor
M,21,17,22.4,Poor
M,21,18,23.3,Poor
M,21,19,24.1,Poor
M,21,20,24.9,Fair
M,21,21,25.7,Fair
M,21,22,26.6,Fair
M,21,23,27.4,Fair
M,21,24,28.2,Fair
M,21,25,29.1,Fair
M,21,26,29.9,Fair
M,21,27,30.7,Fair
M,21,28,31.6,Fair
M,21,29,32.4,Fair
M,21,30,33.2,Fair
M,21,31,34.1,Fair
M,21,32,34.9,Fair
M,21,33,35.7,Fair
M,21,34,36.5,Fair
M,21,35,37.4,Fair
M,21,36,38.2,Fair
M,21,37,39,Fair
M,21,38,39.9,Fair
M,21,39,40.7,Fair
M,21,40,41.5,Normal
M,21,41,41.6,Normal
M,21,42,41.7,Normal
M,21,43,41.8,Normal
M,21,44,41.8,Normal
M,21,45,41.9,Normal
M,21,46,42,Normal
M,21,47,42,Normal
M,21,48,42.1,Normal
M,21,49,42.2,Normal
M,21,50,42.3,Normal
M,21,51,42.4,Normal
M,21,52,42.5,Normal
M,21,53,42.6,Normal
M,21,54,42.8,Normal
M,21,55,42.9,Normal
M,21,56,43,Normal
M,21,57,43.2,Normal
M,21,58,43.3,Normal
M,21,59,43.5,Normal
M,21,60,43.6,Good
M,21,61,43.8,Good
M,21,62,43.9,Good
M,21,63,44.1,Good
M,21,64,44.3,Good
M,21,65,44.4,Good
M,21,66,44.6,Good
M,21,67,44.7,Good
M,21,68,44.9,Good
M,21,69,45.1,Good
M,21,70,45.3,Good
M,21,71,45.4,Good
M,21,72,45.6,Good
M,21,73,45.8,Good
M,21,74,46,Good
M,21,75,46.2,Good
M,21,76,46.4,Good
M,21,77,46.6,Good
M,21,78,46.8,Good
M,21,79,47,Good
M,21,80,47.3,Excellent
M,21,81,47.5,Excellent
M,21,82,47.8,Excellent
M,21,83,48.1,Excellent
M,21,84,48.3,Excellent
M,21,85,48.6,Excellent
M,21,86,49,Excellent
M,21,87,49.4,Excellent
M,21,88,49.9,Excellent
M,21,89,50.5,Excellent
M,21,90,51.1,Excellent
M,21,91,51.7,Excellent
M,21,92,52.4,Excellent
M,21,93,53.2,Excellent
M,21,94,54,Excellent
M,21,95,54.9,Excellent
M,21,96,61.8,Excellent
M,21,97,68.6,Excellent
M,21,98,75.5,Excellent
M,21,99,82.4,Excellent
M,22,15,20.7,Poor
M,22,16,21.5,Poor
M,22,17,22.4,Poor
M,22,18,23.2,Poor
M,22,19,24,Poor
M,22,20,24.9,Fair
M,22,21,25.7,Fair
M,22,22,26.5,Fair
M,22,23,27.3,Fair
M,22,24,28.2,Fair
M,22,25,29,Fair
M,22,26,29.8,Fair
M,22,27,30.7,Fair
M,22,28,31.5,Fair
M,22,29,32.3,Fair
M,22,30,33.1,Fair
M,22,31,34,Fair
M,22,32,34.8,Fair
M,22,33,35.6,Fair
M,22,34,36.5,Fair
M,22,35,37.3,Fair
M,22,36,38.1,Fair
M,22,37,38.9,Fair
M,22,38,39.8,Fair
M,22,39,40.6,Fair
M,22,40,41.4,Normal
M,22,41,41.5,Normal
M,22,42,41.6,Normal
M,22,43,41.7,Normal
M,22,44,41.7,Normal
M,22,45,41.8,Normal
M,22,46,41.9,Normal
M,22,47,42,Normal
M,22,48,42,Normal
M,22,49,42.1,Normal
M,22,50,42.2,Normal
M,22,51,42.3,Normal
M,22,52,42.4,Normal
M,22,53,42.6,Normal
M,22,54,42.7,Normal
M,22,55,42.8,Normal
M,22,56,42.9,Normal
M,22,57,43.1,Normal
M,22,58,43.2,Normal
M,22,59,43.4,Normal
M,22,60,43.5,Good
M,22,61,43.7,Good
M,22,62,43.8,Good
M,22,63,44,Good
M,22,64,44.1,Good
M,22,65,44.3,Good
M,22,66,44.5,Good
M,22,67,44.6,Good
M,22,68,44.8,Good
M,22,69,45,Good
M,22,70,45.1,Good
M,22,71,45.3,Good
M,22,72,45.5,Good
M,22,73,45.6,Good
M,22,74,45.8,Good
M,22,75,46,Good
M,22,76,46.2,Good
M,22,77,46.4,Good
M,22,78,46.6,Good
M,22,79,46.8,Good
M,22,80,47.1,Excellent
M,22,81,47.3,Excellent
M,22,82,47.5,Excellent
M,22,83,47.8,Excellent
M,22,84,48,Excellent
M,22,85,48.3,Excellent
M,22,86,48.7,Excellent
M,22,87,49.1,Excellent
M,22,88,49.6,Excellent
M,22,89,50.2,Excellent
M,22,90,50.8,Excellent
M,22,91,51.4,Excellent
M,22,92,52.2,Excellent
M,22,93,52.9,Excellent
M,22,94,53.8,Excellent
M,22,95,54.7,Excellent
M,22,96,61.6,Excellent
M,22,97,68.4,Excellent
M,22,98,75.3,Excellent
M,22,99,82.1,Excellent
M,23,15,20.7,Poor
M,23,16,21.5,Poor
M,23,17,22.3,Poor
M,23,18,23.1,Poor
M,23,19,24,Poor
M,23,20,24.8,Fair
M,23,21,25.6,Fair
M,23,22,26.5,Fair
M,23,23,27.3,Fair
M,23,24,28.1,Fair
M,23,25,28.9,Fair
M,23,26,29.8,Fair
M,23,27,30.6,Fair
M,23,28,31.4,Fair
M,23,29,32.2,Fair
M,23,30,33.1,Fair
M,23,31,33.9,Fair
M,23,32,34.7,Fair
M,23,33,35.5,Fair
M,23,34,36.4,Fair
M,23,35,37.2,Fair
M,23,36,38,Fair
M,23,37,38.9,Fair
M,23,38,39.7,Fair
M,23,39,40.5,Fair
M,23,40,41.3,Normal
M,23,41,41.4,Normal
M,23,42,41.5,Normal
M,23,43,41.6,Normal
M,23,44,41.6,Normal
M,23,45,41.7,Normal
M,23,46,41.8,Normal
M,23,47,41.9,Normal
M,23,48,41.9,Normal
M,23,49,42,Normal
M,23,50,42.1,Normal
M,23,51,42.2,Normal
M,23,52,42.3,Normal
M,23,53,42.5,Normal
M,23,54,42.6,Normal
M,23,55,42.7,Normal
M,23,56,42.8,Normal
M,23,57,43,Normal
M,23,58,43.1,Normal
M,23,59,43.3,Normal
M,23,60,43.4,Good
M,23,61,43.6,Good
M,23,62,43.7,Good
M,23,63,43.9,Good
M,23,64,44,Good
M,23,65,44.2,Good
M,23,66,44.3,Good
M,23,67,44.5,Good
M,23,68,44.7,Good
M,23,69,44.8,Good
M,23,70,45,Good
M,23,71,45.1,Good
M,23,72,45.3,Good
M,23,73,45.5,Good
M,23,74,45.7,Good
M,23,75,45.8,Good
M,23,76,46,Good
M,23,77,46.2,Good
M,23,78,46.4,Good
M,23,79,46.6,Good
M,23,80,46.8,Excellent
M,23,81,47.1,Excellent
M,23,82,47.3,Excellent
M,23,83,47.5,Excellent
M,23,84,47.8,Excellent
M,23,85,48.1,Excellent
M,23,86,48.4,Excellent
M,23,87,48.8,Excellent
M,23,88,49.3,Excellent
M,23,89,49.9,Excellent
M,23,90,50.5,Excellent
M,23,91,51.2,Excellent
M,23,92,51.9,Excellent
M,23,93,52.7,Excellent
M,23,94,53.6,Excellent
M,23,95,54.6,Excellent
M,23,96,61.4,Excellent
M,23,97,68.2,Excellent
M,23,98,75,Excellent
M,23,99,81.8,Excellent
M,24,15,20.6,Poor
M,24,16,21.4,Poor
M,24,17,22.3,Poor
M,24,18,23.1,Poor
M,24,19,23.9,Poor
M,24,20,24.7,Fair
M,24,21,25.6,Fair
M,24,22,26.4,Fair
M,24,23,27.2,Fair
M,24,24,28,Fair
M,24,25,28.9,Fair
M,24,26,29.7,Fair
M,24,27,30.5,Fair
M,24,28,31.3,Fair
M,24,29,32.2,Fair
M,24,30,33,Fair
M,24,31,33.8,Fair
M,24,32,34.6,Fair
M,24,33,35.5,Fair
M,24,34,36.3,Fair
M,24,35,37.1,Fair
M,24,36,37.9,Fair
M,24,37,38.8,Fair
M,24,38,39.6,Fair
M,24,39,40.4,Fair
M,24,40,41.2,Normal
M,24,41,41.3,Normal
M,24,42,41.4,Normal
M,24,43,41.5,Normal
M,24,44,41.5,Normal
M,24,45,41.6,Normal
M,24,46,41.7,Normal
M,24,47,41.8,Normal
M,24,48,41.9,Normal
M,24,49,41.9,Normal
M,24,50,42,Normal
M,24,51,42.1,Normal
M,24,52,42.3,Normal
M,24,53,42.4,Normal
M,24,54,42.5,Normal
M,24,55,42.6,Normal
M,24,56,42.7,Normal
M,24,57,42.9,Normal
M,24,58,43,Normal
M,24,59,43.1,Normal
M,24,60,43.3,Good
M,24,61,43.4,Good
M,24,62,43.6,Good
M,24,63,43.7,Good
M,24,64,43.9,Good
M,24,65,44,Good
M,24,66,44.2,Good
M,24,67,44.4,Good
M,24,68,44.5,Good
M,24,69,44.7,Good
M,24,70,44.8,Good
M,24,71,45,Good
M,24,72,45.2,Good
M,24,73,45.3,Good
M,24,74,45.5,Good
M,24,75,45.7,Good
M,24,76,45.8,Good
M,24,77,46,Good
M,24,78,46.2,Good
M,24,79,46.4,Good
M,24,80,46.6,Excellent
M,24,81,46.8,Excellent
M,24,82,47.1,Excellent
M,24,83,47.3,Excellent
M,24,84,47.5,Excellent
M,24,85,47.8,Excellent
M,24,86,48.1,Excellent
M,24,87,48.5,Excellent
M,24,88,49,Excellent
M,24,89,49.6,Excellent
M,24,90,50.2,Excellent
M,24,91,50.9,Excellent
M,24,92,51.7,Excellent
M,24,93,52.5,Excellent
M,24,94,53.4,Excellent
M,24,95,54.4,Excellent
M,24,96,61.2,Excellent
M,24,97,68,Excellent
M,24,98,74.8,Excellent
M,24,99,81.6,Excellent
M,25,15,20.6,Poor
M,25,16,21.4,Poor
M,25,17,22.2,Poor
M,25,18,23,Poor
M,25,19,23.8,Poor
M,25,20,24.7,Fair
M,25,21,25.5,Fair
M,25,22,26.3,Fair
M,25,23,27.1,Fair
M,25,24,28,Fair
M,25,25,28.8,Fair
M,25,26,29.6,Fair
M,25,27,30.4,Fair
M,25,28,31.2,Fair
M,25,29,32.1,Fair
M,25,30,32.9,Fair
M,25,31,33.7,Fair
M,25,32,34.5,Fair
M,25,33,35.4,Fair
M,25,34,36.2,Fair
M,25,35,37,Fair
M,25,36,37.8,Fair
M,25,37,38.6,Fair
M,25,38,39.5,Fair
M,25,39,40.3,Fair
M,25,40,41.1,Normal
M,25,41,41.2,Normal
M,25,42,41.3,Normal
M,25,43,41.4,Normal
M,25,44,41.4,Normal
M,25,45,41.5,Normal
M,25,46,41.6,Normal
M,25,47,41.7,Normal
M,25,48,41.7,Normal
M,25,49,41.8,Normal
M,25,50,41.9,Normal
M,25,51,42,Normal
M,25,52,42.1,Normal
M,25,53,42.3,Normal
M,25,54,42.4,Normal
M,25,55,42.5,Normal
M,25,56,42.6,Normal
M,25,57,42.8,Normal
M,25,58,42.9,Normal
M,25,59,43,Normal
M,25,60,43.2,Good
M,25,61,43.3,Good
M,25,62,43.5,Good
M,25,63,43.6,Good
M,25,64,43.8,Good
M,25,65,43.9,Good
M,25,66,44.1,Good
M,25,67,44.2,Good
M,25,68,44.4,Good
M,25,69,44.5,Good
M,25,70,44.7,Good
M,25,71,44.9,Good
M,25,72,45,Good
M,25,73,45.2,Good
M,25,74,45.3,Good
M,25,75,45.5,Good
M,25,76,45.7,Good
M,25,77,45.8,Good
M,25,78,46,Good
M,25,79,46.2,Good
M,25,80,46.4,Excellent
M,25,81,46.6,Excellent
M,25,82,46.8,Excellent
M,25,83,47,Excellent
M,25,84,47.3,Excellent
M,25,85,47.5,Excellent
M,25,86,47.9,Excellent
M,25,87,48.3,Excellent
M,25,88,48.8,Excellent
M,25,89,49.3,Excellent
M,25,90,50,Excellent
M,25,91,50.6,Excellent
M,25,92,51.4,Excellent
M,25,93,52.3,Excellent
M,25,94,53.2,Excellent
M,25,95,54.2,Excellent
M,25,96,61,Excellent
M,25,97,67.8,Excellent
M,25,98,74.6,Excellent
M,25,99,81.3,Excellent
M,26,15,20.5,Poor
M,26,16,21.3,Poor
M,26,17,22.1,Poor
M,26,18,23,Poor
M,26,19,23.8,Poor
M,26,20,24.6,Fair
M,26,21,25.4,Fair
M,26,22,26.2,Fair
M,26,23,27.1,Fair
M,26,24,27.9,Fair
M,26,25,28.7,Fair
M,26,26,29.5,Fair
M,26,27,30.3,Fair
M,26,28,31.2,Fair
M,26,29,32,Fair
M,26,30,32.8,Fair
M,26,31,33.6,Fair
M,26,32,34.4,Fair
M,26,33,35.3,Fair
M,26,34,36.1,Fair
M,26,35,36.9,Fair
M,26,36,37.7,Fair
M,26,37,38.5,Fair
M,26,38,39.4,Fair
M,26,39,40.2,Fair
M,26,40,41,Normal
M,26,41,41.1,Normal
M,26,42,41.2,Normal
M,26,43,41.2,Normal
M,26,44,41.3,Normal
M,26,45,41.4,Normal
M,26,46,41.5,Normal
M,26,47,41.6,Normal
M,26,48,41.6,Normal
M,26,49,41.7,Normal
M,26,50,41.8,Normal
M,26,51,41.9,Normal
M,26,52,42,Normal
M,26,53,42.2,Normal
M,26,54,42.3,Normal
M,26,55,42.4,Normal
M,26,56,42.5,Normal
M,26,57,42.6,Normal
M,26,58,42.8,Normal
M,26,59,42.9,Normal
M,26,60,43.1,Good
M,26,61,43.2,Good
M,26,62,43.3,Good
M,26,63,43.5,Good
M,26,64,43.6,Good
M,26,65,43.8,Good
M,26,66,43.9,Good
M,26,67,44.1,Good
M,26,68,44.3,Good
M,26,69,44.4,Good
M,26,70,44.6,Good
M,26,71,44.7,Good
M,26,72,44.9,Good
M,26,73,45,Good
M,26,74,45.2,Good
M,26,75,45.3,Good
M,26,76,45.5,Good
M,26,77,45.7,Good
M,26,78,45.8,Good
M,26,79,46,Good
M,26,80,46.2,Excellent
M,26,81,46.4,Excellent
M,26,82,46.6,Excellent
M,26,83,46.8,Excellent
M,26,84,47,Excellent
M,26,85,47.3,Excellent
M,26,86,47.6,Excellent
M,26,87,48,Excellent
M,26,88,48.5,Excellent
M,26,89,49.1,Excellent
M,26,90,49.7,Excellent
M,26,91,50.4,Excellent
M,26,92,51.2,Excellent
M,26,93,52.1,Excellent
M,26,94,53,Excellent
M,26,95,54.1,Excellent
M,26,96,60.8,Excellent
M,26,97,67.6,Excellent
M,26,98,74.3,Excellent
M,26,99,81.1,Excellent
M,27,15,20.4,Poor
M,27,16,21.3,Poor
M,27,17,22.1,Poor
M,27,18,22.9,Poor
M,27,19,23.7,Poor
M,27,20,24.5,Fair
M,27,21,25.3,Fair
M,27,22,26.2,Fair
M,27,23,27,Fair
M,27,24,27.8,Fair
M,27,25,28.6,Fair
M,27,26,29.4,Fair
M,27,27,30.2,Fair
M,27,28,31.1,Fair
M,27,29,31.9,Fair
M,27,30,32.7,Fair
M,27,31,33.5,Fair
M,27,32,34.3,Fair
M,27,33,35.1,Fair
M,27,34,36,Fair
M,27,35,36.8,Fair
M,27,36,37.6,Fair
M,27,37,38.4,Fair
M,27,38,39.2,Fair
M,27,39,40.1,Fair
M,27,40,40.9,Normal
M,27,41,41,Normal
M,27,42,41,Normal
M,27,43,41.1,Normal
M,27,44,41.2,Normal
M,27,45,41.3,Normal
M,27,46,41.4,Normal
M,27,47,41.4,Normal
M,27,48,41.5,Normal
M,27,49,41.6,Normal
M,27,50,41.7,Normal
M,27,51,41.8,Normal
M,27,52,41.9,Normal
M,27,53,42,Normal
M,27,54,42.2,Normal
M,27,55,42.3,Normal
M,27,56,42.4,Normal
M,27,57,42.5,Normal
M,27,58,42.7,Normal
M,27,59,42.8,Normal
M,27,60,42.9,Good
M,27,61,43.1,Good
M,27,62,43.2,Good
M,27,63,43.4,Good
M,27,64,43.5,Good
M,27,65,43.7,Good
M,27,66,43.8,Good
M,27,67,44,Good
M,27,68,44.1,Good
M,27,69,44.3,Good
M,27,70,44.4,Good
M,27,71,44.6,Good
M,27,72,44.7,Good
M,27,73,44.9,Good
M,27,74,45,Good
M,27,75,45.2,Good
M,27,76,45.3,Good
M,27,77,45.5,Good
M,27,78,45.7,Good
M,27,79,45.9,Good
M,27,80,46,Excellent
M,27,81,46.2,Excellent
M,27,82,46.4,Excellent
M,27,83,46.6,Excellent
M,27,84,46.8,Excellent
M,27,85,47.1,Excellent
M,27,86,47.4,Excellent
M,27,87,47.8,Excellent
M,27,88,48.3,Excellent
M,27,89,48.8,Excellent
M,27,90,49.5,Excellent
M,27,91,50.2,Excellent
M,27,92,51,Excellent
M,27,93,51.9,Excellent
M,27,94,52.8,Excellent
M,27,95,53.9,Excellent
M,27,96,60.6,Excellent
M,27,97,67.4,Excellent
M,27,98,74.1,Excellent
M,27,99,80.8,Excellent
M,28,15,20.4,Poor
M,28,16,21.2,Poor
M,28,17,22,Poor
M,28,18,22.8,Poor
M,28,19,23.6,Poor
M,28,20,24.4,Fair
M,28,21,25.3,Fair
M,28,22,26.1,Fair
M,28,23,26.9,Fair
M,28,24,27.7,Fair
M,28,25,28.5,Fair
M,28,26,29.3,Fair
M,28,27,30.1,Fair
M,28,28,31,Fair
M,28,29,31.8,Fair
M,28,30,32.6,Fair
M,28,31,33.4,Fair
M,28,32,34.2,Fair
M,28,33,35,Fair
M,28,34,35.8,Fair
M,28,35,36.7,Fair
M,28,36,37.5,Fair
M,28,37,38.3,Fair
M,28,38,39.1,Fair
M,28,39,39.9,Fair
M,28,40,40.7,Normal
M,28,41,40.8,Normal
M,28,42,40.9,Normal
M,28,43,41,Normal
M,28,44,41.1,Normal
M,28,45,41.2,Normal
M,28,46,41.2,Normal
M,28,47,41.3,Normal
M,28,48,41.4,Normal
M,28,49,41.5,Normal
M,28,50,41.6,Normal
M,28,51,41.7,Normal
M,28,52,41.8,Normal
M,28,53,41.9,Normal
M,28,54,42,Normal
M,28,55,42.2,Normal
M,28,56,42.3,Normal
M,28,57,42.4,Normal
M,28,58,42.5,Normal
M,28,59,42.7,Normal
M,28,60,42.8,Good
M,28,61,42.9,Good
M,28,62,43.1,Good
M,28,63,43.2,Good
M,28,64,43.4,Good
M,28,65,43.5,Good
M,28,66,43.7,Good
M,28,67,43.8,Good
M,28,68,44,Good
M,28,69,44.1,Good
M,28,70,44.3,Good
M,28,71,44.4,Good
M,28,72,44.6,Good
M,28,73,44.7,Good
M,28,74,44.9,Good
M,28,75,45,Good
M,28,76,45.2,Good
M,28,77,45.3,Good
M,28,78,45.5,Good
M,28,79,45.7,Good
M,28,80,45.9,Excellent
M,28,81,46,Excellent
M,28,82,46.2,Excellent
M,28,83,46.4,Excellent
M,28,84,46.6,Excellent
M,28,85,46.8,Excellent
M,28,86,47.2,Excellent
M,28,87,47.5,Excellent
M,28,88,48,Excellent
M,28,89,48.6,Excellent
M,28,90,49.2,Excellent
M,28,91,50,Excellent
M,28,92,50.8,Excellent
M,28,93,51.7,Excellent
M,28,94,52.7,Excellent
M,28,95,53.7,Excellent
M,28,96,60.5,Excellent
M,28,97,67.2,Excellent
M,28,98,73.9,Excellent
M,28,99,80.6,Excellent
M,29,15,20.3,Poor
M,29,16,21.1,Poor
M,29,17,21.9,Poor
M,29,18,22.7,Poor
M,29,19,23.5,Poor
M,29,20,24.4,Fair
M,29,21,25.2,Fair
M,29,22,26,Fair
M,29,23,26.8,Fair
M,29,24,27.6,Fair
M,29,25,28.4,Fair
M,29,26,29.2,Fair
M,29,27,30,Fair
M,29,28,30.9,Fair
M,29,29,31.7,Fair
M,29,30,32.5,Fair
M,29,31,33.3,Fair
M,29,32,34.1,Fair
M,29,33,34.9,Fair
M,29,34,35.7,Fair
M,29,35,36.5,Fair
M,29,36,37.3,Fair
M,29,37,38.2,Fair
M,29,38,39,Fair
M,29,39,39.8,Fair
M,29,40,40.6,Normal
M,29,41,40.7,Normal
M,29,42,40.8,Normal
M,29,43,40.9,Normal
M,29,44,40.9,Normal
M,29,45,41,Normal
M,29,46,41.1,Normal
M,29,47,41.2,Normal
M,29,48,41.3,Normal
M,29,49,41.4,Normal
M,29,50,41.5,Normal
M,29,51,41.6,Normal
M,29,52,41.7,Normal
M,29,53,41.8,Normal
M,29,54,41.9,Normal
M,29,55,42,Normal
M,29,56,42.2,Normal
M,29,57,42.3,Normal
M,29,58,42.4,Normal
M,29,59,42.5,Normal
M,29,60,42.7,Good
M,29,61,42.8,Good
M,29,62,43,Good
M,29,63,43.1,Good
M,29,64,43.3,Good
M,29,65,43.4,Good
M,29,66,43.5,Good
M,29,67,43.7,Good
M,29,68,43.8,Good
M,29,69,44,Good
M,29,70,44.1,Good
M,29,71,44.3,Good
M,29,72,44.4,Good
M,29,73,44.6,Good
M,29,74,44.7,Good
M,29,75,44.9,Good
M,29,76,45,Good
M,29,77,45.2,Good
M,29,78,45.3,Good
M,29,79,45.5,Good
M,29,80,45.7,Excellent
M,29,81,45.9,Excellent
M,29,82,46,Excellent
M,29,83,46.2,Excellent
M,29,84,46.4,Excellent
M,29,85,46.6,Excellent
M,29,86,46.9,Excellent
M,29,87,47.3,Excellent
M,29,88,47.8,Excellent
M,29,89,48.4,Excellent
M,29,90,49,Excellent
M,29,91,49.8,Excellent
M,29,92,50.6,Excellent
M,29,93,51.5,Excellent
M,29,94,52.5,Excellent
M,29,95,53.6,Excellent
M,29,96,60.3,Excellent
M,29,97,67,Excellent
M,29,98,73.7,Excellent
M,29,99,80.4,Excellent
M,30,15,20.2,Poor
M,30,16,21,Poor
M,30,17,21.8,Poor
M,30,18,22.6,Poor
M,30,19,23.5,Poor
M,30,20,24.3,Fair
M,30,21,25.1,Fair
M,30,22,25.9,Fair
M,30,23,26.7,Fair
M,30,24,27.5,Fair
M,30,25,28.3,Fair
M,30,26,29.1,Fair
M,30,27,29.9,Fair
M,30,28,30.7,Fair
M,30,29,31.5,Fair
M,30,30,32.4,Fair
M,30,31,33.2,Fair
M,30,32,34,Fair
M,30,33,34.8,Fair
M,30,34,35.6,Fair
M,30,35,36.4,Fair
M,30,36,37.2,Fair
M,30,37,38,Fair
M,30,38,38.8,Fair
M,30,39,39.6,Fair
M,30,40,40.4,Normal
M,30,41,40.5,Normal
M,30,42,40.6,Normal
M,30,43,40.7,Normal
M,30,44,40.8,Normal
M,30,45,40.9,Normal
M,30,46,41,Normal
M,30,47,41,Normal
M,30,48,41.1,Normal
M,30,49,41.2,Normal
M,30,50,41.3,Normal
M,30,51,41.4,Normal
M,30,52,41.5,Normal
M,30,53,41.7,Normal
M,30,54,41.8,Normal
M,30,55,41.9,Normal
M,30,56,42,Normal
M,30,57,42.1,Normal
M,30,58,42.3,Normal
M,30,59,42.4,Normal
M,30,60,42.5,Good
M,30,61,42.7,Good
M,30,62,42.8,Good
M,30,63,43,Good
M,30,64,43.1,Good
M,30,65,43.3,Good
M,30,66,43.4,Good
M,30,67,43.6,Good
M,30,68,43.7,Good
M,30,69,43.9,Good
M,30,70,44,Good
M,30,71,44.1,Good
M,30,72,44.3,Good
M,30,73,44.4,Good
M,30,74,44.6,Good
M,30,75,44.7,Good
M,30,76,44.9,Good
M,30,77,45,Good
M,30,78,45.2,Good
M,30,79,45.3,Good
M,30,80,45.5,Excellent
M,30,81,45.7,Excellent
M,30,82,45.9,Excellent
M,30,83,46,Excellent
M,30,84,46.2,Excellent
M,30,85,46.4,Excellent
M,30,86,46.7,Excellent
M,30,87,47.1,Excellent
M,30,88,47.6,Excellent
M,30,89,48.2,Excellent
M,30,90,48.8,Excellent
M,30,91,49.5,Excellent
M,30,92,50.4,Excellent
M,30,93,51.3,Excellent
M,30,94,52.3,Excellent
M,30,95,53.4,Excellent
M,30,96,60.1,Excellent
M,30,97,66.8,Excellent
M,30,98,73.5,Excellent
M,30,99,80.2,Excellent
M,31,15,20.1,Poor
M,31,16,20.9,Poor
M,31,17,21.8,Poor
M,31,18,22.6,Poor
M,31,19,23.4,Poor
M,31,20,24.2,Fair
M,31,21,25,Fair
M,31,22,25.8,Fair
M,31,23,26.6,Fair
M,31,24,27.4,Fair
M,31,25,28.2,Fair
M,31,26,29,Fair
M,31,27,29.8,Fair
M,31,28,30.6,Fair
M,31,29,31.4,Fair
M,31,30,32.2,Fair
M,31,31,33,Fair
M,31,32,33.8,Fair
M,31,33,34.6,Fair
M,31,34,35.4,Fair
M,31,35,36.3,Fair
M,31,36,37.1,Fair
M,31,37,37.9,Fair
M,31,38,38.7,Fair
M,31,39,39.5,Fair
M,31,40,40.3,Normal
M,31,41,40.4,Normal
M,31,42,40.5,Normal
M,31,43,40.6,Normal
M,31,44,40.6,Normal
M,31,45,40.7,Normal
M,31,46,40.8,Normal
M,31,47,40.9,Normal
M,31,48,41,Normal
M,31,49,41.1,Normal
M,31,50,41.2,Normal
M,31,51,41.3,Normal
M,31,52,41.4,Normal
M,31,53,41.5,Normal
M,31,54,41.6,Normal
M,31,55,41.8,Normal
M,31,56,41.9,Normal
M,31,57,42,Normal
M,31,58,42.1,Normal
M,31,59,42.3,Normal
M,31,60,42.4,Good
M,31,61,42.5,Good
M,31,62,42.7,Good
M,31,63,42.8,Good
M,31,64,43,Good
M,31,65,43.1,Good
M,31,66,43.3,Good
M,31,67,43.4,Good
M,31,68,43.6,Good
M,31,69,43.7,Good
M,31,70,43.9,Good
M,31,71,44,Good
M,31,72,44.1,Good
M,31,73,44.3,Good
M,31,74,44.4,Good
M,31,75,44.6,Good
M,31,76,44.7,Good
M,31,77,44.9,Good
M,31,78,45,Good
M,31,79,45.2,Good
M,31,80,45.3,Excellent
M,31,81,45.5,Excellent
M,31,82,45.7,Excellent
M,31,83,45.8,Excellent
M,31,84,46,Excellent
M,31,85,46.2,Excellent
M,31,86,46.5,Excellent
M,31,87,46.9,Excellent
M,31,88,47.4,Excellent
M,31,89,48,Excellent
M,31,90,48.6,Excellent
M,31,91,49.4,Excellent
M,31,92,50.2,Excellent
M,31,93,51.1,Excellent
M,31,94,52.1,Excellent
M,31,95,53.3,Excellent
M,31,96,59.9,Excellent
M,31,97,66.6,Excellent
M,31,98,73.3,Excellent
M,31,99,79.9,Excellent
M,32,15,20.1,Poor
M,32,16,20.9,Poor
M,32,17,21.7,Poor
M,32,18,22.5,Poor
M,32,19,23.3,Poor
M,32,20,24.1,Fair
M,32,21,24.9,Fair
M,32,22,25.7,Fair
M,32,23,26.5,Fair
M,32,24,27.3,Fair
M,32,25,28.1,Fair
M,32,26,28.9,Fair
M,32,27,29.7,Fair
M,32,28,30.5,Fair
M,32,29,31.3,Fair
M,32,30,32.1,Fair
M,32,31,32.9,Fair
M,32,32,33.7,Fair
M,32,33,34.5,Fair
M,32,34,35.3,Fair
M,32,35,36.1,Fair
M,32,36,36.9,Fair
M,32,37,37.7,Fair
M,32,38,38.5,Fair
M,32,39,39.3,Fair
M,32,40,40.1,Normal
M,32,41,40.2,Normal
M,32,42,40.3,Normal
M,32,43,40.4,Normal
M,32,44,40.5,Normal
M,32,45,40.6,Normal
M,32,46,40.7,Normal
M,32,47,40.7,Normal
M,32,48,40.8,Normal
M,32,49,40.9,Normal
M,32,50,41,Normal
M,32,51,41.1,Normal
M,32,52,41.3,Normal
M,32,53,41.4,Normal
M,32,54,41.5,Normal
M,32,55,41.6,Normal
M,32,56,41.7,Normal
M,32,57,41.9,Normal
M,32,58,42,Normal
M,32,59,42.1,Normal
M,32,60,42.3,Good
M,32,61,42.4,Good
M,32,62,42.5,Good
M,32,63,42.7,Good
M,32,64,42.8,Good
M,32,65,43,Good
M,32,66,43.1,Good
M,32,67,43.3,Good
M,32,68,43.4,Good
M,32,69,43.6,Good
M,32,70,43.7,Good
M,32,71,43.9,Good
M,32,72,44,Good
M,32,73,44.1,Good
M,32,74,44.3,Good
M,32,75,44.4,Good
M,32,76,44.6,Good
M,32,77,44.7,Good
M,32,78,44.9,Good
M,32,79,45,Good
M,32,80,45.2,Excellent
M,32,81,45.3,Excellent
M,32,82,45.5,Excellent
M,32,83,45.7,Excellent
M,32,84,45.8,Excellent
M,32,85,46,Excellent
M,32,86,46.3,Excellent
M,32,87,46.7,Excellent
M,32,88,47.2,Excellent
M,32,89,47.8,Excellent
M,32,90,48.4,Excellent
M,32,91,49.2,Excellent
M,32,92,50,Excellent
M,32,93,50.9,Excellent
M,32,94,52,Excellent
M,32,95,53.1,Excellent
M,32,96,59.8,Excellent
M,32,97,66.4,Excellent
M,32,98,73.1,Excellent
M,32,99,79.7,Excellent
M,33,15,20,Poor
M,33,16,20.8,Poor
M,33,17,21.6,Poor
M,33,18,22.4,Poor
M,33,19,23.2,Poor
M,33,20,24,Fair
M,33,21,24.8,Fair
M,33,22,25.6,Fair
M,33,23,26.4,Fair
M,33,24,27.2,Fair
M,33,25,28,Fair
M,33,26,28.8,Fair
M,33,27,29.6,Fair
M,33,28,30.4,Fair
M,33,29,31.2,Fair
M,33,30,32,Fair
M,33,31,32.8,Fair
M,33,32,33.5,Fair
M,33,33,34.3,Fair
M,33,34,35.1,Fair
M,33,35,35.9,Fair
M,33,36,36.7,Fair
M,33,37,37.5,Fair
M,33,38,38.3,Fair
M,33,39,39.1,Fair
M,33,40,39.9,Normal
M,33,41,40,Normal
M,33,42,40.1,Normal
M,33,43,40.2,Normal
M,33,44,40.3,Normal
M,33,45,40.4,Normal
M,33,46,40.5,Normal
M,33,47,40.6,Normal
M,33,48,40.7,Normal
M,33,49,40.8,Normal
M,33,50,40.9,Normal
M,33,51,41,Normal
M,33,52,41.1,Normal
M,33,53,41.2,Normal
M,33,54,41.3,Normal
M,33,55,41.5,Normal
M,33,56,41.6,Normal
M,33,57,41.7,Normal
M,33,58,41.9,Normal
M,33,59,42,Normal
M,33,60,42.1,Good
M,33,61,42.3,Good
M,33,62,42.4,Good
M,33,63,42.5,Good
M,33,64,42.7,Good
M,33,65,42.8,Good
M,33,66,43,Good
M,33,67,43.1,Good
M,33,68,43.3,Good
M,33,69,43.4,Good
M,33,70,43.6,Good
M,33,71,43.7,Good
M,33,72,43.9,Good
M,33,73,44,Good
M,33,74,44.1,Good
M,33,75,44.3,Good
M,33,76,44.4,Good
M,33,77,44.6,Good
M,33,78,44.7,Good
M,33,79,44.9,Good
M,33,80,45,Excellent
M,33,81,45.2,Excellent
M,33,82,45.3,Excellent
M,33,83,45.5,Excellent
M,33,84,45.7,Excellent
M,33,85,45.9,Excellent
M,33,86,46.2,Excellent
M,33,87,46.5,Excellent
M,33,88,47,Excellent
M,33,89,47.6,Excellent
M,33,90,48.3,Excellent
M,33,91,49,Excellent
M,33,92,49.8,Excellent
M,33,93,50.8,Excellent
M,33,94,51.8,Excellent
M,33,95,53,Excellent
M,33,96,59.6,Excellent
M,33,97,66.3,Excellent
M,33,98,72.9,Excellent
M,33,99,79.5,Excellent
M,34,15,19.9,Poor
M,34,16,20.7,Poor
M,34,17,21.5,Poor
M,34,18,22.3,Poor
M,34,19,23.1,Poor
M,34,20,23.9,Fair
M,34,21,24.6,Fair
M,34,22,25.4,Fair
M,34,23,26.2,Fair
M,34,24,27,Fair
M,34,25,27.8,Fair
M,34,26,28.6,Fair
M,34,27,29.4,Fair
M,34,28,30.2,Fair
M,34,29,31,Fair
M,34,30,31.8,Fair
M,34,31,32.6,Fair
M,34,32,33.4,Fair
M,34,33,34.2,Fair
M,34,34,35,Fair
M,34,35,35.8,Fair
M,34,36,36.6,Fair
M,34,37,37.4,Fair
M,34,38,38.2,Fair
M,34,39,39,Fair
M,34,40,39.8,Normal
M,34,41,39.9,Normal
M,34,42,40,Normal
M,34,43,40,Normal
M,34,44,40.1,Normal
M,34,45,40.2,Normal
M,34,46,40.3,Normal
M,34,47,40.4,Normal
M,34,48,40.5,Normal
M,34,49,40.6,Normal
M,34,50,40.7,Normal
M,34,51,40.8,Normal
M,34,52,40.9,Normal
M,34,53,41.1,Normal
M,34,54,41.2,Normal
M,34,55,41.3,Normal
M,34,56,41.4,Normal
M,34,57,41.6,Normal
M,34,58,41.7,Normal
M,34,59,41.8,Normal
M,34,60,42,Good
M,34,61,42.1,Good
M,34,62,42.3,Good
M,34,63,42.4,Good
M,34,64,42.5,Good
M,34,65,42.7,Good
M,34,66,42.8,Good
M,34,67,43,Good
M,34,68,43.1,Good
M,34,69,43.3,Good
M,34,70,43.4,Good
M,34,71,43.6,Good
M,34,72,43.7,Good
M,34,73,43.9,Good
M,34,74,44,Good
M,34,75,44.1,Good
M,34,76,44.3,Good
M,34,77,44.4,Good
M,34,78,44.6,Good
M,34,79,44.7,Good
M,34,80,44.9,Excellent
M,34,81,45,Excellent
M,34,82,45.2,Excellent
M,34,83,45.3,Excellent
M,34,84,45.5,Excellent
M,34,85,45.7,Excellent
M,34,86,46,Excellent
M,34,87,46.4,Excellent
M,34,88,46.8,Excellent
M,34,89,47.4,Excellent
M,34,90,48.1,Excellent
M,34,91,48.8,Excellent
M,34,92,49.7,Excellent
M,34,93,50.6,Excellent
M,34,94,51.7,Excellent
M,34,95,52.9,Excellent
M,34,96,59.5,Excellent
M,34,97,66.1,Excellent
M,34,98,72.7,Excellent
M,34,99,79.3,Excellent
M,35,15,19.8,Poor
M,35,16,20.6,Poor
M,35,17,21.4,Poor
M,35,18,22.2,Poor
M,35,19,22.9,Poor
M,35,20,23.7,Fair
M,35,21,24.5,Fair
M,35,22,25.3,Fair
M,35,23,26.1,Fair
M,35,24,26.9,Fair
M,35,25,27.7,Fair
M,35,26,28.5,Fair
M,35,27,29.3,Fair
M,35,28,30.1,Fair
M,35,29,30.9,Fair
M,35,30,31.7,Fair
M,35,31,32.4,Fair
M,35,32,33.2,Fair
M,35,33,34,Fair
M,35,34,34.8,Fair
M,35,35,35.6,Fair
M,35,36,36.4,Fair
M,35,37,37.2,Fair
M,35,38,38,Fair
M,35,39,38.8,Fair
M,35,40,39.6,Normal
M,35,41,39.7,Normal
M,35,42,39.8,Normal
M,35,43,39.9,Normal
M,35,44,40,Normal
M,35,45,40,Normal
M,35,46,40.1,Normal
M,35,47,40.2,Normal
M,35,48,40.3,Normal
M,35,49,40.4,Normal
M,35,50,40.6,Normal
M,35,51,40.7,Normal
M,35,52,40.8,Normal
M,35,53,40.9,Normal
M,35,54,41,Normal
M,35,55,41.1,Normal
M,35,56,41.3,Normal
M,35,57,41.4,Normal
M,35,58,41.5,Normal
M,35,59,41.7,Normal
M,35,60,41.8,Good
M,35,61,42,Good
M,35,62,42.1,Good
M,35,63,42.2,Good
M,35,64,42.4,Good
M,35,65,42.5,Good
M,35,66,42.7,Good
M,35,67,42.8,Good
M,35,68,43,Good
M,35,69,43.1,Good
M,35,70,43.3,Good
M,35,71,43.4,Good
M,35,72,43.6,Good
M,35,73,43.7,Good
M,35,74,43.8,Good
M,35,75,44,Good
M,35,76,44.1,Good
M,35,77,44.3,Good
M,35,78,44.4,Good
M,35,79,44.5,Good
M,35,80,44.7,Excellent
M,35,81,44.9,Excellent
M,35,82,45,Excellent
M,35,83,45.1,Excellent
M,35,84,45.3,Excellent
M,35,85,45.5,Excellent
M,35,86,45.8,Excellent
M,35,87,46.2,Excellent
M,35,88,46.7,Excellent
M,35,89,47.3,Excellent
M,35,90,47.9,Excellent
M,35,91,48.7,Excellent
M,35,92,49.5,Excellent
M,35,93,50.5,Excellent
M,35,94,51.5,Excellent
M,35,95,52.7,Excellent
M,35,96,59.3,Excellent
M,35,97,65.9,Excellent
M,35,98,72.5,Excellent
M,35,99,79.1,Excellent
M,36,15,19.7,Poor
M,36,16,20.5,Poor
M,36,17,21.3,Poor
M,36,18,22,Poor
M,36,19,22.8,Poor
M,36,20,23.6,Fair
M,36,21,24.4,Fair
M,36,22,25.2,Fair
M,36,23,26,Fair
M,36,24,26.8,Fair
M,36,25,27.6,Fair
M,36,26,28.3,Fair
M,36,27,29.1,Fair
M,36,28,29.9,Fair
M,36,29,30.7,Fair
M,36,30,31.5,Fair
M,36,31,32.3,Fair
M,36,32,33.1,Fair
M,36,33,33.9,Fair
M,36,34,34.6,Fair
M,36,35,35.4,Fair
M,36,36,36.2,Fair
M,36,37,37,Fair
M,36,38,37.8,Fair
M,36,39,38.6,Fair
M,36,40,39.4,Normal
M,36,41,39.5,Normal
M,36,42,39.6,Normal
M,36,43,39.7,Normal
M,36,44,39.8,Normal
M,36,45,39.9,Normal
M,36,46,40,Normal
M,36,47,40.1,Normal
M,36,48,40.2,Normal
M,36,49,40.3,Normal
M,36,50,40.4,Normal
M,36,51,40.5,Normal
M,36,52,40.6,Normal
M,36,53,40.7,Normal
M,36,54,40.8,Normal
M,36,55,41,Normal
M,36,56,41.1,Normal
M,36,57,41.2,Normal
M,36,58,41.4,Normal
M,36,59,41.5,Normal
M,36,60,41.6,Good
M,36,61,41.8,Good
M,36,62,41.9,Good
M,36,63,42.1,Good
M,36,64,42.2,Good
M,36,65,42.4,Good
M,36,66,42.5,Good
M,36,67,42.7,Good
M,36,68,42.8,Good
M,36,69,43,Good
M,36,70,43.1,Good
M,36,71,43.3,Good
M,36,72,43.4,Good
M,36,73,43.5,Good
M,36,74,43.7,Good
M,36,75,43.8,Good
M,36,76,44,Good
M,36,77,44.1,Good
M,36,78,44.2,Good
M,36,79,44.4,Good
M,36,80,44.5,Excellent
M,36,81,44.7,Excellent
M,36,82,44.8,Excellent
M,36,83,45,Excellent
M,36,84,45.1,Excellent
M,36,85,45.3,Excellent
M,36,86,45.6,Excellent
M,36,87,46,Excellent
M,36,88,46.5,Excellent
M,36,89,47.1,Excellent
M,36,90,47.7,Excellent
M,36,91,48.5,Excellent
M,36,92,49.3,Excellent
M,36,93,50.3,Excellent
M,36,94,51.4,Excellent
M,36,95,52.6,Excellent
M,36,96,59.1,Excellent
M,36,97,65.7,Excellent
M,36,98,72.3,Excellent
M,36,99,78.8,Excellent
M,37,15,19.6,Poor
M,37,16,20.4,Poor
M,37,17,21.1,Poor
M,37,18,21.9,Poor
M,37,19,22.7,Poor
M,37,20,23.5,Fair
M,37,21,24.3,Fair
M,37,22,25.1,Fair
M,37,23,25.8,Fair
M,37,24,26.6,Fair
M,37,25,27.4,Fair
M,37,26,28.2,Fair
M,37,27,29,Fair
M,37,28,29.8,Fair
M,37,29,30.5,Fair
M,37,30,31.3,Fair
M,37,31,32.1,Fair
M,37,32,32.9,Fair
M,37,33,33.7,Fair
M,37,34,34.5,Fair
M,37,35,35.2,Fair
M,37,36,36,Fair
M,37,37,36.8,Fair
M,37,38,37.6,Fair
M,37,39,38.4,Fair
M,37,40,39.2,Normal
M,37,41,39.3,Normal
M,37,42,39.4,Normal
M,37,43,39.5,Normal
M,37,44,39.6,Normal
M,37,45,39.7,Normal
M,37,46,39.8,Normal
M,37,47,39.9,Normal
M,37,48,40,Normal
M,37,49,40.1,Normal
M,37,50,40.2,Normal
M,37,51,40.3,Normal
M,37,52,40.4,Normal
M,37,53,40.5,Normal
M,37,54,40.7,Normal
M,37,55,40.8,Normal
M,37,56,40.9,Normal
M,37,57,41.1,Normal
M,37,58,41.2,Normal
M,37,59,41.3,Normal
M,37,60,41.5,Good
M,37,61,41.6,Good
M,37,62,41.8,Good
M,37,63,41.9,Good
M,37,64,42.1,Good
M,37,65,42.2,Good
M,37,66,42.4,Good
M,37,67,42.5,Good
M,37,68,42.7,Good
M,37,69,42.8,Good
M,37,70,42.9,Good
M,37,71,43.1,Good
M,37,72,43.2,Good
M,37,73,43.4,Good
M,37,74,43.5,Good
M,37,75,43.6,Good
M,37,76,43.8,Good
M,37,77,43.9,Good
M,37,78,44.1,Good
M,37,79,44.2,Good
M,37,80,44.4,Excellent
M,37,81,44.5,Excellent
M,37,82,44.7,Excellent
M,37,83,44.8,Excellent
M,37,84,44.9,Excellent
M,37,85,45.1,Excellent
M,37,86,45.4,Excellent
M,37,87,45.8,Excellent
M,37,88,46.3,Excellent
M,37,89,46.9,Excellent
M,37,90,47.5,Excellent
M,37,91,48.3,Excellent
M,37,92,49.1,Excellent
M,37,93,50.1,Excellent
M,37,94,51.2,Excellent
M,37,95,52.4,Excellent
M,37,96,58.9,Excellent
M,37,97,65.5,Excellent
M,37,98,72,Excellent
M,37,99,78.6,Excellent
M,38,15,19.5,Poor
M,38,16,20.2,Poor
M,38,17,21,Poor
M,38,18,21.8,Poor
M,38,19,22.6,Poor
M,38,20,23.4,Fair
M,38,21,24.1,Fair
M,38,22,24.9,Fair
M,38,23,25.7,Fair
M,38,24,26.5,Fair
M,38,25,27.2,Fair
M,38,26,28,Fair
M,38,27,28.8,Fair
M,38,28,29.6,Fair
M,38,29,30.4,Fair
M,38,30,31.1,Fair
M,38,31,31.9,Fair
M,38,32,32.7,Fair
M,38,33,33.5,Fair
M,38,34,34.3,Fair
M,38,35,35,Fair
M,38,36,35.8,Fair
M,38,37,36.6,Fair
M,38,38,37.4,Fair
M,38,39,38.1,Fair
M,38,40,38.9,Normal
M,38,41,39,Normal
M,38,42,39.1,Normal
M,38,43,39.2,Normal
M,38,44,39.3,Normal
M,38,45,39.4,Normal
M,38,46,39.5,Normal
M,38,47,39.6,Normal
M,38,48,39.8,Normal
M,38,49,39.9,Normal
M,38,50,40,Normal
M,38,51,40.1,Normal
M,38,52,40.2,Normal
M,38,53,40.3,Normal
M,38,54,40.5,Normal
M,38,55,40.6,Normal
M,38,56,40.7,Normal
M,38,57,40.9,Normal
M,38,58,41,Normal
M,38,59,41.1,Normal
M,38,60,41.3,Good
M,38,61,41.4,Good
M,38,62,41.6,Good
M,38,63,41.7,Good
M,38,64,41.9,Good
M,38,65,42,Good
M,38,66,42.2,Good
M,38,67,42.3,Good
M,38,68,42.5,Good
M,38,69,42.6,Good
M,38,70,42.8,Good
M,38,71,42.9,Good
M,38,72,43,Good
M,38,73,43.2,Good
M,38,74,43.3,Good
M,38,75,43.5,Good
M,38,76,43.6,Good
M,38,77,43.7,Good
M,38,78,43.9,Good
M,38,79,44,Good
M,38,80,44.2,Excellent
M,38,81,44.3,Excellent
M,38,82,44.5,Excellent
M,38,83,44.6,Excellent
M,38,84,44.8,Excellent
M,38,85,45,Excellent
M,38,86,45.2,Excellent
M,38,87,45.6,Excellent
M,38,88,46.1,Excellent
M,38,89,46.7,Excellent
M,38,90,47.3,Excellent
M,38,91,48.1,Excellent
M,38,92,49,Excellent
M,38,93,49.9,Excellent
M,38,94,51,Excellent
M,38,95,52.2,Excellent
M,38,96,58.7,Excellent
M,38,97,65.3,Excellent
M,38,98,71.8,Excellent
M,38,99,78.3,Excellent
M,39,15,19.3,Poor
M,39,16,20.1,Poor
M,39,17,20.9,Poor
M,39,18,21.7,Poor
M,39,19,22.4,Poor
M,39,20,23.2,Fair
M,39,21,24,Fair
M,39,22,24.8,Fair
M,39,23,25.5,Fair
M,39,24,26.3,Fair
M,39,25,27.1,Fair
M,39,26,27.9,Fair
M,39,27,28.6,Fair
M,39,28,29.4,Fair
M,39,29,30.2,Fair
M,39,30,31,Fair
M,39,31,31.7,Fair
M,39,32,32.5,Fair
M,39,33,33.3,Fair
M,39,34,34.1,Fair
M,39,35,34.8,Fair
M,39,36,35.6,Fair
M,39,37,36.4,Fair
M,39,38,37.1,Fair
M,39,39,37.9,Fair
M,39,40,38.7,Normal
M,39,41,38.8,Normal
M,39,42,38.9,Normal
M,39,43,39,Normal
M,39,44,39.1,Normal
M,39,45,39.2,Normal
M,39,46,39.3,Normal
M,39,47,39.4,Normal
M,39,48,39.5,Normal
M,39,49,39.6,Normal
M,39,50,39.8,Normal
M,39,51,39.9,Normal
M,39,52,40,Normal
M,39,53,40.1,Normal
M,39,54,40.2,Normal
M,39,55,40.4,Normal
M,39,56,40.5,Normal
M,39,57,40.6,Normal
M,39,58,40.8,Normal
M,39,59,40.9,Normal
M,39,60,41.1,Good
M,39,61,41.2,Good
M,39,62,41.4,Good
M,39,63,41.5,Good
M,39,64,41.7,Good
M,39,65,41.8,Good
M,39,66,42,Good
M,39,67,42.1,Good
M,39,68,42.3,Good
M,39,69,42.4,Good
M,39,70,42.6,Good
M,39,71,42.7,Good
M,39,72,42.8,Good
M,39,73,43,Good
M,39,74,43.1,Good
M,39,75,43.3,Good
M,39,76,43.4,Good
M,39,77,43.5,Good
M,39,78,43.7,Good
M,39,79,43.8,Good
M,39,80,44,Excellent
M,39,81,44.1,Excellent
M,39,82,44.3,Excellent
M,39,83,44.4,Excellent
M,39,84,44.6,Excellent
M,39,85,44.8,Excellent
M,39,86,45,Excellent
M,39,87,45.4,Excellent
M,39,88,45.9,Excellent
M,39,89,46.5,Excellent
M,39,90,47.1,Excellent
M,39,91,47.9,Excellent
M,39,92,48.7,Excellent
M,39,93,49.7,Excellent
M,39,94,50.8,Excellent
M,39,95,52,Excellent
M,39,96,58.5,Excellent
M,39,97,65,Excellent
M,39,98,71.5,Excellent
M,39,99,78,Excellent
M,40,15,19.2,Poor
M,40,16,20,Poor
M,40,17,20.8,Poor
M,40,18,21.5,Poor
M,40,19,22.3,Poor
M,40,20,23.1,Fair
M,40,21,23.8,Fair
M,40,22,24.6,Fair
M,40,23,25.4,Fair
M,40,24,26.1,Fair
M,40,25,26.9,Fair
M,40,26,27.7,Fair
M,40,27,28.5,Fair
M,40,28,29.2,Fair
M,40,29,30,Fair
M,40,30,30.8,Fair
M,40,31,31.5,Fair
M,40,32,32.3,Fair
M,40,33,33.1,Fair
M,40,34,33.8,Fair
M,40,35,34.6,Fair
M,40,36,35.4,Fair
M,40,37,36.1,Fair
M,40,38,36.9,Fair
M,40,39,37.7,Fair
M,40,40,38.5,Normal
M,40,41,38.6,Normal
M,40,42,38.7,Normal
M,40,43,38.8,Normal
M,40,44,38.9,Normal
M,40,45,39,Normal
M,40,46,39.1,Normal
M,40,47,39.2,Normal
M,40,48,39.3,Normal
M,40,49,39.4,Normal
M,40,50,39.5,Normal
M,40,51,39.6,Normal
M,40,52,39.8,Normal
M,40,53,39.9,Normal
M,40,54,40,Normal
M,40,55,40.1,Normal
M,40,56,40.3,Normal
M,40,57,40.4,Normal
M,40,58,40.6,Normal
M,40,59,40.7,Normal
M,40,60,40.8,Good
M,40,61,41,Good
M,40,62,41.1,Good
M,40,63,41.3,Good
M,40,64,41.4,Good
M,40,65,41.6,Good
M,40,66,41.7,Good
M,40,67,41.9,Good
M,40,68,42,Good
M,40,69,42.2,Good
M,40,70,42.3,Good
M,40,71,42.5,Good
M,40,72,42.6,Good
M,40,73,42.8,Good
M,40,74,42.9,Good
M,40,75,43,Good
M,40,76,43.2,Good
M,40,77,43.3,Good
M,40,78,43.5,Good
M,40,79,43.6,Good
M,40,80,43.8,Excellent
M,40,81,43.9,Excellent
M,40,82,44,Excellent
M,40,83,44.2,Excellent
M,40,84,44.3,Excellent
M,40,85,44.5,Excellent
M,40,86,44.8,Excellent
M,40,87,45.2,Excellent
M,40,88,45.7,Excellent
M,40,89,46.3,Excellent
M,40,90,46.9,Excellent
M,40,91,47.7,Excellent
M,40,92,48.5,Excellent
M,40,93,49.5,Excellent
M,40,94,50.6,Excellent
M,40,95,51.8,Excellent
M,40,96,58.2,Excellent
M,40,97,64.7,Excellent
M,40,98,71.2,Excellent
M,40,99,77.6,Excellent
M,41,15,19.1,Poor
M,41,16,19.9,Poor
M,41,17,20.6,Poor
M,41,18,21.4,Poor
M,41,19,22.2,Poor
M,41,20,22.9,Fair
M,41,21,23.7,Fair
M,41,22,24.4,Fair
M,41,23,25.2,Fair
M,41,24,26,Fair
M,41,25,26.7,Fair
M,41,26,27.5,Fair
M,41,27,28.3,Fair
M,41,28,29,Fair
M,41,29,29.8,Fair
M,41,30,30.6,Fair
M,41,31,31.3,Fair
M,41,32,32.1,Fair
M,41,33,32.8,Fair
M,41,34,33.6,Fair
M,41,35,34.4,Fair
M,41,36,35.1,Fair
M,41,37,35.9,Fair
M,41,38,36.7,Fair
M,41,39,37.4,Fair
M,41,40,38.2,Normal
M,41,41,38.3,Normal
M,41,42,38.4,Normal
M,41,43,38.5,Normal
M,41,44,38.6,Normal
M,41,45,38.7,Normal
M,41,46,38.8,Normal
M,41,47,38.9,Normal
M,41,48,39,Normal
M,41,49,39.2,Normal
M,41,50,39.3,Normal
M,41,51,39.4,Normal
M,41,52,39.5,Normal
M,41,53,39.6,Normal
M,41,54,39.8,Normal
M,41,55,39.9,Normal
M,41,56,40,Normal
M,41,57,40.2,Normal
M,41,58,40.3,Normal
M,41,59,40.4,Normal
M,41,60,40.6,Good
M,41,61,40.7,Good
M,41,62,40.9,Good
M,41,63,41,Good
M,41,64,41.2,Good
M,41,65,41.3,Good
M,41,66,41.5,Good
M,41,67,41.6,Good
M,41,68,41.8,Good
M,41,69,42,Good
M,41,70,42.1,Good
M,41,71,42.2,Good
M,41,72,42.4,Good
M,41,73,42.5,Good
M,41,74,42.7,Good
M,41,75,42.8,Good
M,41,76,42.9,Good
M,41,77,43.1,Good
M,41,78,43.2,Good
M,41,79,43.4,Good
M,41,80,43.5,Excellent
M,41,81,43.7,Excellent
M,41,82,43.8,Excellent
M,41,83,43.9,Excellent
M,41,84,44.1,Excellent
M,41,85,44.3,Excellent
M,41,86,44.6,Excellent
M,41,87,45,Excellent
M,41,88,45.4,Excellent
M,41,89,46,Excellent
M,41,90,46.7,Excellent
M,41,91,47.4,Excellent
M,41,92,48.3,Excellent
M,41,93,49.2,Excellent
M,41,94,50.3,Excellent
M,41,95,51.5,Excellent
M,41,96,57.9,Excellent
M,41,97,64.4,Excellent
M,41,98,70.8,Excellent
M,41,99,77.3,Excellent
M,42,15,19,Poor
M,42,16,19.7,Poor
M,42,17,20.5,Poor
M,42,18,21.2,Poor
M,42,19,22,Poor
M,42,20,22.8,Fair
M,42,21,23.5,Fair
M,42,22,24.3,Fair
M,42,23,25,Fair
M,42,24,25.8,Fair
M,42,25,26.6,Fair
M,42,26,27.3,Fair
M,42,27,28.1,Fair
M,42,28,28.8,Fair
M,42,29,29.6,Fair
M,42,30,30.3,Fair
M,42,31,31.1,Fair
M,42,32,31.9,Fair
M,42,33,32.6,Fair
M,42,34,33.4,Fair
M,42,35,34.1,Fair
M,42,36,34.9,Fair
M,42,37,35.7,Fair
M,42,38,36.4,Fair
M,42,39,37.2,Fair
M,42,40,37.9,Normal
M,42,41,38,Normal
M,42,42,38.2,Normal
M,42,43,38.3,Normal
M,42,44,38.4,Normal
M,42,45,38.5,Normal
M,42,46,38.6,Normal
M,42,47,38.7,Normal
M,42,48,38.8,Normal
M,42,49,38.9,Normal
M,42,50,39,Normal
M,42,51,39.1,Normal
M,42,52,39.3,Normal
M,42,53,39.4,Normal
M,42,54,39.5,Normal
M,42,55,39.6,Normal
M,42,56,39.8,Normal
M,42,57,39.9,Normal
M,42,58,40,Normal
M,42,59,40.2,Normal
M,42,60,40.3,Good
M,42,61,40.5,Good
M,42,62,40.6,Good
M,42,63,40.8,Good
M,42,64,40.9,Good
M,42,65,41.1,Good
M,42,66,41.2,Good
M,42,67,41.4,Good
M,42,68,41.5,Good
M,42,69,41.7,Good
M,42,70,41.8,Good
M,42,71,42,Good
M,42,72,42.1,Good
M,42,73,42.3,Good
M,42,74,42.4,Good
M,42,75,42.5,Good
M,42,76,42.7,Good
M,42,77,42.8,Good
M,42,78,43,Good
M,42,79,43.1,Good
M,42,80,43.3,Excellent
M,42,81,43.4,Excellent
M,42,82,43.6,Excellent
M,42,83,43.7,Excellent
M,42,84,43.8,Excellent
M,42,85,44,Excellent
M,42,86,44.3,Excellent
M,42,87,44.7,Excellent
M,42,88,45.2,Excellent
M,42,89,45.8,Excellent
M,42,90,46.4,Excellent
M,42,91,47.2,Excellent
M,42,92,48,Excellent
M,42,93,49,Excellent
M,42,94,50,Excellent
M,42,95,51.2,Excellent
M,42,96,57.6,Excellent
M,42,97,64,Excellent
M,42,98,70.4,Excellent
M,42,99,76.8,Excellent
M,43,15,18.8,Poor
M,43,16,19.6,Poor
M,43,17,20.3,Poor
M,43,18,21.1,Poor
M,43,19,21.8,Poor
M,43,20,22.6,Fair
M,43,21,23.4,Fair
M,43,22,24.1,Fair
M,43,23,24.9,Fair
M,43,24,25.6,Fair
M,43,25,26.4,Fair
M,43,26,27.1,Fair
M,43,27,27.9,Fair
M,43,28,28.6,Fair
M,43,29,29.4,Fair
M,43,30,30.1,Fair
M,43,31,30.9,Fair
M,43,32,31.6,Fair
M,43,33,32.4,Fair
M,43,34,33.1,Fair
M,43,35,33.9,Fair
M,43,36,34.7,Fair
M,43,37,35.4,Fair
M,43,38,36.2,Fair
M,43,39,36.9,Fair
M,43,40,37.7,Normal
M,43,41,37.8,Normal
M,43,42,37.9,Normal
M,43,43,38,Normal
M,43,44,38.1,Normal
M,43,45,38.2,Normal
M,43,46,38.3,Normal
M,43,47,38.4,Normal
M,43,48,38.5,Normal
M,43,49,38.6,Normal
M,43,50,38.7,Normal
M,43,51,38.9,Normal
M,43,52,39,Normal
M,43,53,39.1,Normal
M,43,54,39.2,Normal
M,43,55,39.4,Normal
M,43,56,39.5,Normal
M,43,57,39.6,Normal
M,43,58,39.8,Normal
M,43,59,39.9,Normal
M,43,60,40,Good
M,43,61,40.2,Good
M,43,62,40.3,Good
M,43,63,40.5,Good
M,43,64,40.6,Good
M,43,65,40.8,Good
M,43,66,41,Good
M,43,67,41.1,Good
M,43,68,41.3,Good
M,43,69,41.4,Good
M,43,70,41.6,Good
M,43,71,41.7,Good
M,43,72,41.8,Good
M,43,73,42,Good
M,43,74,42.1,Good
M,43,75,42.3,Good
M,43,76,42.4,Good
M,43,77,42.5,Good
M,43,78,42.7,Good
M,43,79,42.8,Good
M,43,80,43,Excellent
M,43,81,43.1,Excellent
M,43,82,43.3,Excellent
M,43,83,43.4,Excellent
M,43,84,43.6,Excellent
M,43,85,43.8,Excellent
M,43,86,44.1,Excellent
M,43,87,44.4,Excellent
M,43,88,44.9,Excellent
M,43,89,45.5,Excellent
M,43,90,46.2,Excellent
M,43,91,46.9,Excellent
M,43,92,47.7,Excellent
M,43,93,48.7,Excellent
M,43,94,49.7,Excellent
M,43,95,50.9,Excellent
M,43,96,57.3,Excellent
M,43,97,63.6,Excellent
M,43,98,70,Excellent
M,43,99,76.4,Excellent
M,44,15,18.7,Poor
M,44,16,19.4,Poor
M,44,17,20.2,Poor
M,44,18,20.9,Poor
M,44,19,21.7,Poor
M,44,20,22.4,Fair
M,44,21,23.2,Fair
M,44,22,23.9,Fair
M,44,23,24.7,Fair
M,44,24,25.4,Fair
M,44,25,26.2,Fair
M,44,26,26.9,Fair
M,44,27,27.7,Fair
M,44,28,28.4,Fair
M,44,29,29.2,Fair
M,44,30,29.9,Fair
M,44,31,30.7,Fair
M,44,32,31.4,Fair
M,44,33,32.1,Fair
M,44,34,32.9,Fair
M,44,35,33.6,Fair
M,44,36,34.4,Fair
M,44,37,35.1,Fair
M,44,38,35.9,Fair
M,44,39,36.6,Fair
M,44,40,37.4,Normal
M,44,41,37.5,Normal
M,44,42,37.6,Normal
M,44,43,37.7,Normal
M,44,44,37.8,Normal
M,44,45,37.9,Normal
M,44,46,38,Normal
M,44,47,38.1,Normal
M,44,48,38.2,Normal
M,44,49,38.3,Normal
M,44,50,38.4,Normal
M,44,51,38.6,Normal
M,44,52,38.7,Normal
M,44,53,38.8,Normal
M,44,54,38.9,Normal
M,44,55,39.1,Normal
M,44,56,39.2,Normal
M,44,57,39.3,Normal
M,44,58,39.5,Normal
M,44,59,39.6,Normal
M,44,60,39.8,Good
M,44,61,39.9,Good
M,44,62,40,Good
M,44,63,40.2,Good
M,44,64,40.3,Good
M,44,65,40.5,Good
M,44,66,40.7,Good
M,44,67,40.8,Good
M,44,68,41,Good
M,44,69,41.1,Good
M,44,70,41.3,Good
M,44,71,41.4,Good
M,44,72,41.6,Good
M,44,73,41.7,Good
M,44,74,41.8,Good
M,44,75,42,Good
M,44,76,42.1,Good
M,44,77,42.2,Good
M,44,78,42.4,Good
M,44,79,42.5,Good
M,44,80,42.7,Excellent
M,44,81,42.9,Excellent
M,44,82,43,Excellent
M,44,83,43.1,Excellent
M,44,84,43.3,Excellent
M,44,85,43.5,Excellent
M,44,86,43.8,Excellent
M,44,87,44.2,Excellent
M,44,88,44.6,Excellent
M,44,89,45.2,Excellent
M,44,90,45.9,Excellent
M,44,91,46.6,Excellent
M,44,92,47.4,Excellent
M,44,93,48.4,Excellent
M,44,94,49.4,Excellent
M,44,95,50.6,Excellent
M,44,96,56.9,Excellent
M,44,97,63.2,Excellent
M,44,98,69.5,Excellent
M,44,99,75.9,Excellent
M,45,15,18.5,Poor
M,45,16,19.3,Poor
M,45,17,20,Poor
M,45,18,20.8,Poor
M,45,19,21.5,Poor
M,45,20,22.3,Fair
M,45,21,23,Fair
M,45,22,23.7,Fair
M,45,23,24.5,Fair
M,45,24,25.2,Fair
M,45,25,26,Fair
M,45,26,26.7,Fair
M,45,27,27.5,Fair
M,45,28,28.2,Fair
M,45,29,28.9,Fair
M,45,30,29.7,Fair
M,45,31,30.4,Fair
M,45,32,31.2,Fair
M,45,33,31.9,Fair
M,45,34,32.6,Fair
M,45,35,33.4,Fair
M,45,36,34.1,Fair
M,45,37,34.9,Fair
M,45,38,35.6,Fair
M,45,39,36.4,Fair
M,45,40,37.1,Normal
M,45,41,37.2,Normal
M,45,42,37.3,Normal
M,45,43,37.4,Normal
M,45,44,37.5,Normal
M,45,45,37.6,Normal
M,45,46,37.7,Normal
M,45,47,37.8,Normal
M,45,48,37.9,Normal
M,45,49,38,Normal
M,45,50,38.1,Normal
M,45,51,38.3,Normal
M,45,52,38.4,Normal
M,45,53,38.5,Normal
M,45,54,38.6,Normal
M,45,55,38.8,Normal
M,45,56,38.9,Normal
M,45,57,39,Normal
M,45,58,39.2,Normal
M,45,59,39.3,Normal
M,45,60,39.4,Good
M,45,61,39.6,Good
M,45,62,39.7,Good
M,45,63,39.9,Good
M,45,64,40,Good
M,45,65,40.2,Good
M,45,66,40.3,Good
M,45,67,40.5,Good
M,45,68,40.6,Good
M,45,69,40.8,Good
M,45,70,40.9,Good
M,45,71,41.1,Good
M,45,72,41.2,Good
M,45,73,41.4,Good
M,45,74,41.5,Good
M,45,75,41.7,Good
M,45,76,41.8,Good
M,45,77,41.9,Good
M,45,78,42.1,Good
M,45,79,42.2,Good
M,45,80,42.4,Excellent
M,45,81,42.6,Excellent
M,45,82,42.7,Excellent
M,45,83,42.8,Excellent
M,45,84,43,Excellent
M,45,85,43.2,Excellent
M,45,86,43.5,Excellent
M,45,87,43.9,Excellent
M,45,88,44.4,Excellent
M,45,89,44.9,Excellent
M,45,90,45.6,Excellent
M,45,91,46.3,Excellent
M,45,92,47.1,Excellent
M,45,93,48,Excellent
M,45,94,49.1,Excellent
M,45,95,50.2,Excellent
M,45,96,56.5,Excellent
M,45,97,62.8,Excellent
M,45,98,69.1,Excellent
M,45,99,75.3,Excellent
M,46,15,18.4,Poor
M,46,16,19.1,Poor
M,46,17,19.9,Poor
M,46,18,20.6,Poor
M,46,19,21.3,Poor
M,46,20,22.1,Fair
M,46,21,22.8,Fair
M,46,22,23.6,Fair
M,46,23,24.3,Fair
M,46,24,25,Fair
M,46,25,25.8,Fair
M,46,26,26.5,Fair
M,46,27,27.2,Fair
M,46,28,28,Fair
M,46,29,28.7,Fair
M,46,30,29.4,Fair
M,46,31,30.2,Fair
M,46,32,30.9,Fair
M,46,33,31.6,Fair
M,46,34,32.4,Fair
M,46,35,33.1,Fair
M,46,36,33.9,Fair
M,46,37,34.6,Fair
M,46,38,35.3,Fair
M,46,39,36.1,Fair
M,46,40,36.8,Normal
M,46,41,36.9,Normal
M,46,42,37,Normal
M,46,43,37.1,Normal
M,46,44,37.2,Normal
M,46,45,37.3,Normal
M,46,46,37.4,Normal
M,46,47,37.5,Normal
M,46,48,37.6,Normal
M,46,49,37.7,Normal
M,46,50,37.8,Normal
M,46,51,37.9,Normal
M,46,52,38.1,Normal
M,46,53,38.2,Normal
M,46,54,38.3,Normal
M,46,55,38.4,Normal
M,46,56,38.6,Normal
M,46,57,38.7,Normal
M,46,58,38.8,Normal
M,46,59,39,Normal
M,46,60,39.1,Good
M,46,61,39.3,Good
M,46,62,39.4,Good
M,46,63,39.6,Good
M,46,64,39.7,Good
M,46,65,39.9,Good
M,46,66,40,Good
M,46,67,40.2,Good
M,46,68,40.3,Good
M,46,69,40.5,Good
M,46,70,40.6,Good
M,46,71,40.8,Good
M,46,72,40.9,Good
M,46,73,41.1,Good
M,46,74,41.2,Good
M,46,75,41.3,Good
M,46,76,41.5,Good
M,46,77,41.6,Good
M,46,78,41.8,Good
M,46,79,41.9,Good
M,46,80,42.1,Excellent
M,46,81,42.2,Excellent
M,46,82,42.4,Excellent
M,46,83,42.5,Excellent
M,46,84,42.7,Excellent
M,46,85,42.9,Excellent
M,46,86,43.2,Excellent
M,46,87,43.6,Excellent
M,46,88,44,Excellent
M,46,89,44.6,Excellent
M,46,90,45.2,Excellent
M,46,91,46,Excellent
M,46,92,46.8,Excellent
M,46,93,47.7,Excellent
M,46,94,48.7,Excellent
M,46,95,49.9,Excellent
M,46,96,56.1,Excellent
M,46,97,62.3,Excellent
M,46,98,68.6,Excellent
M,46,99,74.8,Excellent
M,47,15,18.2,Poor
M,47,16,19,Poor
M,47,17,19.7,Poor
M,47,18,20.4,Poor
M,47,19,21.2,Poor
M,47,20,21.9,Fair
M,47,21,22.6,Fair
M,47,22,23.4,Fair
M,47,23,24.1,Fair
M,47,24,24.8,Fair
M,47,25,25.5,Fair
M,47,26,26.3,Fair
M,47,27,27,Fair
M,47,28,27.7,Fair
M,47,29,28.5,Fair
M,47,30,29.2,Fair
M,47,31,29.9,Fair
M,47,32,30.7,Fair
M,47,33,31.4,Fair
M,47,34,32.1,Fair
M,47,35,32.8,Fair
M,47,36,33.6,Fair
M,47,37,34.3,Fair
M,47,38,35,Fair
M,47,39,35.8,Fair
M,47,40,36.5,Normal
M,47,41,36.6,Normal
M,47,42,36.7,Normal
M,47,43,36.8,Normal
M,47,44,36.9,Normal
M,47,45,37,Normal
M,47,46,37.1,Normal
M,47,47,37.2,Normal
M,47,48,37.3,Normal
M,47,49,37.4,Normal
M,47,50,37.5,Normal
M,47,51,37.6,Normal
M,47,52,37.7,Normal
M,47,53,37.9,Normal
M,47,54,38,Normal
M,47,55,38.1,Normal
M,47,56,38.2,Normal
M,47,57,38.4,Normal
M,47,58,38.5,Normal
M,47,59,38.6,Normal
M,47,60,38.8,Good
M,47,61,38.9,Good
M,47,62,39.1,Good
M,47,63,39.2,Good
M,47,64,39.4,Good
M,47,65,39.5,Good
M,47,66,39.7,Good
M,47,67,39.8,Good
M,47,68,40,Good
M,47,69,40.1,Good
M,47,70,40.3,Good
M,47,71,40.4,Good
M,47,72,40.6,Good
M,47,73,40.7,Good
M,47,74,40.8,Good
M,47,75,41,Good
M,47,76,41.1,Good
M,47,77,41.3,Good
M,47,78,41.4,Good
M,47,79,41.6,Good
M,47,80,41.7,Excellent
M,47,81,41.9,Excellent
M,47,82,42.1,Excellent
M,47,83,42.2,Excellent
M,47,84,42.4,Excellent
M,47,85,42.6,Excellent
M,47,86,42.9,Excellent
M,47,87,43.2,Excellent
M,47,88,43.7,Excellent
M,47,89,44.3,Excellent
M,47,90,44.9,Excellent
M,47,91,45.6,Excellent
M,47,92,46.5,Excellent
M,47,93,47.4,Excellent
M,47,94,48.4,Excellent
M,47,95,49.5,Excellent
M,47,96,55.7,Excellent
M,47,97,61.9,Excellent
M,47,98,68.1,Excellent
M,47,99,74.3,Excellent
M,48,15,18.1,Poor
M,48,16,18.8,Poor
M,48,17,19.5,Poor
M,48,18,20.3,Poor
M,48,19,21,Poor
M,48,20,21.7,Fair
M,48,21,22.4,Fair
M,48,22,23.2,Fair
M,48,23,23.9,Fair
M,48,24,24.6,Fair
M,48,25,25.3,Fair
M,48,26,26.1,Fair
M,48,27,26.8,Fair
M,48,28,27.5,Fair
M,48,29,28.2,Fair
M,48,30,28.9,Fair
M,48,31,29.7,Fair
M,48,32,30.4,Fair
M,48,33,31.1,Fair
M,48,34,31.8,Fair
M,48,35,32.6,Fair
M,48,36,33.3,Fair
M,48,37,34,Fair
M,48,38,34.7,Fair
M,48,39,35.5,Fair
M,48,40,36.2,Normal
M,48,41,36.3,Normal
M,48,42,36.4,Normal
M,48,43,36.5,Normal
M,48,44,36.6,Normal
M,48,45,36.7,Normal
M,48,46,36.8,Normal
M,48,47,36.9,Normal
M,48,48,37,Normal
M,48,49,37.1,Normal
M,48,50,37.2,Normal
M,48,51,37.3,Normal
M,48,52,37.4,Normal
M,48,53,37.5,Normal
M,48,54,37.6,Normal
M,48,55,37.8,Normal
M,48,56,37.9,Normal
M,48,57,38,Normal
M,48,58,38.2,Normal
M,48,59,38.3,Normal
M,48,60,38.4,Good
M,48,61,38.6,Good
M,48,62,38.7,Good
M,48,63,38.9,Good
M,48,64,39,Good
M,48,65,39.2,Good
M,48,66,39.3,Good
M,48,67,39.5,Good
M,48,68,39.6,Good
M,48,69,39.8,Good
M,48,70,39.9,Good
M,48,71,40.1,Good
M,48,72,40.2,Good
M,48,73,40.4,Good
M,48,74,40.5,Good
M,48,75,40.6,Good
M,48,76,40.8,Good
M,48,77,40.9,Good
M,48,78,41.1,Good
M,48,79,41.2,Good
M,48,80,41.4,Excellent
M,48,81,41.6,Excellent
M,48,82,41.7,Excellent
M,48,83,41.9,Excellent
M,48,84,42,Excellent
M,48,85,42.2,Excellent
M,48,86,42.5,Excellent
M,48,87,42.9,Excellent
M,48,88,43.4,Excellent
M,48,89,43.9,Excellent
M,48,90,44.6,Excellent
M,48,91,45.3,Excellent
M,48,92,46.1,Excellent
M,48,93,47,Excellent
M,48,94,48,Excellent
M,48,95,49.1,Excellent
M,48,96,55.3,Excellent
M,48,97,61.4,Excellent
M,48,98,67.6,Excellent
M,48,99,73.7,Excellent
M,49,15,17.9,Poor
M,49,16,18.7,Poor
M,49,17,19.4,Poor
M,49,18,20.1,Poor
M,49,19,20.8,Poor
M,49,20,21.5,Fair
M,49,21,22.2,Fair
M,49,22,23,Fair
M,49,23,23.7,Fair
M,49,24,24.4,Fair
M,49,25,25.1,Fair
M,49,26,25.8,Fair
M,49,27,26.5,Fair
M,49,28,27.3,Fair
M,49,29,28,Fair
M,49,30,28.7,Fair
M,49,31,29.4,Fair
M,49,32,30.1,Fair
M,49,33,30.8,Fair
M,49,34,31.6,Fair
M,49,35,32.3,Fair
M,49,36,33,Fair
M,49,37,33.7,Fair
M,49,38,34.4,Fair
M,49,39,35.2,Fair
M,49,40,35.9,Normal
M,49,41,36,Normal
M,49,42,36.1,Normal
M,49,43,36.2,Normal
M,49,44,36.3,Normal
M,49,45,36.3,Normal
M,49,46,36.4,Normal
M,49,47,36.5,Normal
M,49,48,36.6,Normal
M,49,49,36.7,Normal
M,49,50,36.8,Normal
M,49,51,36.9,Normal
M,49,52,37.1,Normal
M,49,53,37.2,Normal
M,49,54,37.3,Normal
M,49,55,37.4,Normal
M,49,56,37.6,Normal
M,49,57,37.7,Normal
M,49,58,37.8,Normal
M,49,59,38,Normal
M,49,60,38.1,Good
M,49,61,38.2,Good
M,49,62,38.4,Good
M,49,63,38.5,Good
M,49,64,38.7,Good
M,49,65,38.8,Good
M,49,66,39,Good
M,49,67,39.1,Good
M,49,68,39.3,Good
M,49,69,39.4,Good
M,49,70,39.6,Good
M,49,71,39.7,Good
M,49,72,39.9,Good
M,49,73,40,Good
M,49,74,40.1,Good
M,49,75,40.3,Good
M,49,76,40.4,Good
M,49,77,40.6,Good
M,49,78,40.7,Good
M,49,79,40.9,Good
M,49,80,41,Excellent
M,49,81,41.2,Excellent
M,49,82,41.4,Excellent
M,49,83,41.5,Excellent
M,49,84,41.7,Excellent
M,49,85,41.9,Excellent
M,49,86,42.2,Excellent
M,49,87,42.6,Excellent
M,49,88,43,Excellent
M,49,89,43.6,Excellent
M,49,90,44.2,Excellent
M,49,91,44.9,Excellent
M,49,92,45.7,Excellent
M,49,93,46.6,Excellent
M,49,94,47.6,Excellent
M,49,95,48.8,Excellent
M,49,96,54.9,Excellent
M,49,97,60.9,Excellent
M,49,98,67,Excellent
M,49,99,73.1,Excellent
M,50,15,17.8,Poor
M,50,16,18.5,Poor
M,50,17,19.2,Poor
M,50,18,19.9,Poor
M,50,19,20.6,Poor
M,50,20,21.3,Fair
M,50,21,22,Fair
M,50,22,22.8,Fair
M,50,23,23.5,Fair
M,50,24,24.2,Fair
M,50,25,24.9,Fair
M,50,26,25.6,Fair
M,50,27,26.3,Fair
M,50,28,27,Fair
M,50,29,27.7,Fair
M,50,30,28.4,Fair
M,50,31,29.1,Fair
M,50,32,29.9,Fair
M,50,33,30.6,Fair
M,50,34,31.3,Fair
M,50,35,32,Fair
M,50,36,32.7,Fair
M,50,37,33.4,Fair
M,50,38,34.1,Fair
M,50,39,34.8,Fair
M,50,40,35.5,Normal
M,50,41,35.6,Normal
M,50,42,35.7,Normal
M,50,43,35.8,Normal
M,50,44,35.9,Normal
M,50,45,36,Normal
M,50,46,36.1,Normal
M,50,47,36.2,Normal
M,50,48,36.3,Normal
M,50,49,36.4,Normal
M,50,50,36.5,Normal
M,50,51,36.6,Normal
M,50,52,36.7,Normal
M,50,53,36.8,Normal
M,50,54,37,Normal
M,50,55,37.1,Normal
M,50,56,37.2,Normal
M,50,57,37.3,Normal
M,50,58,37.5,Normal
M,50,59,37.6,Normal
M,50,60,37.7,Good
M,50,61,37.9,Good
M,50,62,38,Good
M,50,63,38.2,Good
M,50,64,38.3,Good
M,50,65,38.5,Good
M,50,66,38.6,Good
M,50,67,38.8,Good
M,50,68,38.9,Good
M,50,69,39.1,Good
M,50,70,39.2,Good
M,50,71,39.3,Good
M,50,72,39.5,Good
M,50,73,39.6,Good
M,50,74,39.8,Good
M,50,75,39.9,Good
M,50,76,40,Good
M,50,77,40.2,Good
M,50,78,40.3,Good
M,50,79,40.5,Good
M,50,80,40.7,Excellent
M,50,81,40.8,Excellent
M,50,82,41,Excellent
M,50,83,41.1,Excellent
M,50,84,41.3,Excellent
M,50,85,41.5,Excellent
M,50,86,41.8,Excellent
M,50,87,42.2,Excellent
M,50,88,42.7,Excellent
M,50,89,43.2,Excellent
M,50,90,43.9,Excellent
M,50,91,44.6,Excellent
M,50,92,45.4,Excellent
M,50,93,46.3,Excellent
M,50,94,47.3,Excellent
M,50,95,48.4,Excellent
M,50,96,54.4,Excellent
M,50,97,60.5,Excellent
M,50,98,66.5,Excellent
M,50,99,72.6,Excellent
M,51,15,17.6,Poor
M,51,16,18.3,Poor
M,51,17,19,Poor
M,51,18,19.7,Poor
M,51,19,20.4,Poor
M,51,20,21.1,Fair
M,51,21,21.8,Fair
M,51,22,22.5,Fair
M,51,23,23.2,Fair
M,51,24,23.9,Fair
M,51,25,24.7,Fair
M,51,26,25.4,Fair
M,51,27,26.1,Fair
M,51,28,26.8,Fair
M,51,29,27.5,Fair
M,51,30,28.2,Fair
M,51,31,28.9,Fair
M,51,32,29.6,Fair
M,51,33,30.3,Fair
M,51,34,31,Fair
M,51,35,31.7,Fair
M,51,36,32.4,Fair
M,51,37,33.1,Fair
M,51,38,33.8,Fair
M,51,39,34.5,Fair
M,51,40,35.2,Normal
M,51,41,35.3,Normal
M,51,42,35.4,Normal
M,51,43,35.5,Normal
M,51,44,35.6,Normal
M,51,45,35.7,Normal
M,51,46,35.8,Normal
M,51,47,35.9,Normal
M,51,48,35.9,Normal
M,51,49,36,Normal
M,51,50,36.1,Normal
M,51,51,36.3,Normal
M,51,52,36.4,Normal
M,51,53,36.5,Normal
M,51,54,36.6,Normal
M,51,55,36.7,Normal
M,51,56,36.8,Normal
M,51,57,37,Normal
M,51,58,37.1,Normal
M,51,59,37.2,Normal
M,51,60,37.4,Good
M,51,61,37.5,Good
M,51,62,37.7,Good
M,51,63,37.8,Good
M,51,64,37.9,Good
M,51,65,38.1,Good
M,51,66,38.2,Good
M,51,67,38.4,Good
M,51,68,38.5,Good
M,51,69,38.7,Good
M,51,70,38.8,Good
M,51,71,39,Good
M,51,72,39.1,Good
M,51,73,39.2,Good
M,51,74,39.4,Good
M,51,75,39.5,Good
M,51,76,39.7,Good
M,51,77,39.8,Good
M,51,78,40,Good
M,51,79,40.1,Good
M,51,80,40.3,Excellent
M,51,81,40.5,Excellent
M,51,82,40.6,Excellent
M,51,83,40.8,Excellent
M,51,84,40.9,Excellent
M,51,85,41.1,Excellent
M,51,86,41.4,Excellent
M,51,87,41.8,Excellent
M,51,88,42.3,Excellent
M,51,89,42.9,Excellent
M,51,90,43.5,Excellent
M,51,91,44.2,Excellent
M,51,92,45,Excellent
M,51,93,45.9,Excellent
M,51,94,46.9,Excellent
M,51,95,48,Excellent
M,51,96,54,Excellent
M,51,97,60,Excellent
M,51,98,66,Excellent
M,51,99,72,Excellent
M,52,15,17.4,Poor
M,52,16,18.1,Poor
M,52,17,18.8,Poor
M,52,18,19.5,Poor
M,52,19,20.2,Poor
M,52,20,20.9,Fair
M,52,21,21.6,Fair
M,52,22,22.3,Fair
M,52,23,23,Fair
M,52,24,23.7,Fair
M,52,25,24.4,Fair
M,52,26,25.1,Fair
M,52,27,25.8,Fair
M,52,28,26.5,Fair
M,52,29,27.2,Fair
M,52,30,27.9,Fair
M,52,31,28.6,Fair
M,52,32,29.3,Fair
M,52,33,30,Fair
M,52,34,30.7,Fair
M,52,35,31.4,Fair
M,52,36,32.1,Fair
M,52,37,32.8,Fair
M,52,38,33.5,Fair
M,52,39,34.2,Fair
M,52,40,34.9,Normal
M,52,41,35,Normal
M,52,42,35.1,Normal
M,52,43,35.2,Normal
M,52,44,35.2,Normal
M,52,45,35.3,Normal
M,52,46,35.4,Normal
M,52,47,35.5,Normal
M,52,48,35.6,Normal
M,52,49,35.7,Normal
M,52,50,35.8,Normal
M,52,51,35.9,Normal
M,52,52,36,Normal
M,52,53,36.1,Normal
M,52,54,36.2,Normal
M,52,55,36.4,Normal
M,52,56,36.5,Normal
M,52,57,36.6,Normal
M,52,58,36.7,Normal
M,52,59,36.9,Normal
M,52,60,37,Good
M,52,61,37.2,Good
M,52,62,37.3,Good
M,52,63,37.4,Good
M,52,64,37.6,Good
M,52,65,37.7,Good
M,52,66,37.9,Good
M,52,67,38,Good
M,52,68,38.2,Good
M,52,69,38.3,Good
M,52,70,38.5,Good
M,52,71,38.6,Good
M,52,72,38.7,Good
M,52,73,38.9,Good
M,52,74,39,Good
M,52,75,39.1,Good
M,52,76,39.3,Good
M,52,77,39.4,Good
M,52,78,39.6,Good
M,52,79,39.7,Good
M,52,80,39.9,Excellent
M,52,81,40.1,Excellent
M,52,82,40.2,Excellent
M,52,83,40.4,Excellent
M,52,84,40.6,Excellent
M,52,85,40.8,Excellent
M,52,86,41.1,Excellent
M,52,87,41.4,Excellent
M,52,88,41.9,Excellent
M,52,89,42.5,Excellent
M,52,90,43.1,Excellent
M,52,91,43.8,Excellent
M,52,92,44.6,Excellent
M,52,93,45.5,Excellent
M,52,94,46.6,Excellent
M,52,95,47.7,Excellent
M,52,96,53.6,Excellent
M,52,97,59.6,Excellent
M,52,98,65.6,Excellent
M,52,99,71.5,Excellent
M,53,15,17.3,Poor
M,53,16,18,Poor
M,53,17,18.7,Poor
M,53,18,19.4,Poor
M,53,19,20,Poor
M,53,20,20.7,Fair
M,53,21,21.4,Fair
M,53,22,22.1,Fair
M,53,23,22.8,Fair
M,53,24,23.5,Fair
M,53,25,24.2,Fair
M,53,26,24.9,Fair
M,53,27,25.6,Fair
M,53,28,26.3,Fair
M,53,29,27,Fair
M,53,30,27.6,Fair
M,53,31,28.3,Fair
M,53,32,29,Fair
M,53,33,29.7,Fair
M,53,34,30.4,Fair
M,53,35,31.1,Fair
M,53,36,31.8,Fair
M,53,37,32.5,Fair
M,53,38,33.2,Fair
M,53,39,33.9,Fair
M,53,40,34.6,Normal
M,53,41,34.7,Normal
M,53,42,34.7,Normal
M,53,43,34.8,Normal
M,53,44,34.9,Normal
M,53,45,35,Normal
M,53,46,35.1,Normal
M,53,47,35.2,Normal
M,53,48,35.3,Normal
M,53,49,35.4,Normal
M,53,50,35.5,Normal
M,53,51,35.6,Normal
M,53,52,35.7,Normal
M,53,53,35.8,Normal
M,53,54,35.9,Normal
M,53,55,36,Normal
M,53,56,36.1,Normal
M,53,57,36.3,Normal
M,53,58,36.4,Normal
M,53,59,36.5,Normal
M,53,60,36.7,Good
M,53,61,36.8,Good
M,53,62,36.9,Good
M,53,63,37.1,Good
M,53,64,37.2,Good
M,53,65,37.4,Good
M,53,66,37.5,Good
M,53,67,37.6,Good
M,53,68,37.8,Good
M,53,69,37.9,Good
M,53,70,38.1,Good
M,53,71,38.2,Good
M,53,72,38.4,Good
M,53,73,38.5,Good
M,53,74,38.6,Good
M,53,75,38.8,Good
M,53,76,38.9,Good
M,53,77,39.1,Good
M,53,78,39.2,Good
M,53,79,39.4,Good
M,53,80,39.5,Excellent
M,53,81,39.7,Excellent
M,53,82,39.8,Excellent
M,53,83,40,Excellent
M,53,84,40.2,Excellent
M,53,85,40.4,Excellent
M,53,86,40.7,Excellent
M,53,87,41,Excellent
M,53,88,41.5,Excellent
M,53,89,42.1,Excellent
M,53,90,42.7,Excellent
M,53,91,43.4,Excellent
M,53,92,44.3,Excellent
M,53,93,45.2,Excellent
M,53,94,46.2,Excellent
M,53,95,47.3,Excellent
M,53,96,53.2,Excellent
M,53,97,59.2,Excellent
M,53,98,65.1,Excellent
M,53,99,71,Excellent
M,54,15,17.1,Poor
M,54,16,17.8,Poor
M,54,17,18.5,Poor
M,54,18,19.2,Poor
M,54,19,19.9,Poor
M,54,20,20.5,Fair
M,54,21,21.2,Fair
M,54,22,21.9,Fair
M,54,23,22.6,Fair
M,54,24,23.3,Fair
M,54,25,24,Fair
M,54,26,24.6,Fair
M,54,27,25.3,Fair
M,54,28,26,Fair
M,54,29,26.7,Fair
M,54,30,27.4,Fair
M,54,31,28.1,Fair
M,54,32,28.8,Fair
M,54,33,29.4,Fair
M,54,34,30.1,Fair
M,54,35,30.8,Fair
M,54,36,31.5,Fair
M,54,37,32.2,Fair
M,54,38,32.9,Fair
M,54,39,33.5,Fair
M,54,40,34.2,Normal
M,54,41,34.3,Normal
M,54,42,34.4,Normal
M,54,43,34.5,Normal
M,54,44,34.6,Normal
M,54,45,34.7,Normal
M,54,46,34.7,Normal
M,54,47,34.8,Normal
M,54,48,34.9,Normal
M,54,49,35,Normal
M,54,50,35.1,Normal
M,54,51,35.2,Normal
M,54,52,35.3,Normal
M,54,53,35.4,Normal
M,54,54,35.5,Normal
M,54,55,35.7,Normal
M,54,56,35.8,Normal
M,54,57,35.9,Normal
M,54,58,36,Normal
M,54,59,36.2,Normal
M,54,60,36.3,Good
M,54,61,36.4,Good
M,54,62,36.6,Good
M,54,63,36.7,Good
M,54,64,36.8,Good
M,54,65,37,Good
M,54,66,37.1,Good
M,54,67,37.3,Good
M,54,68,37.4,Good
M,54,69,37.6,Good
M,54,70,37.7,Good
M,54,71,37.8,Good
M,54,72,38,Good
M,54,73,38.1,Good
M,54,74,38.3,Good
M,54,75,38.4,Good
M,54,76,38.5,Good
M,54,77,38.7,Good
M,54,78,38.8,Good
M,54,79,39,Good
M,54,80,39.1,Excellent
M,54,81,39.3,Excellent
M,54,82,39.4,Excellent
M,54,83,39.6,Excellent
M,54,84,39.8,Excellent
M,54,85,40,Excellent
M,54,86,40.3,Excellent
M,54,87,40.6,Excellent
M,54,88,41.1,Excellent
M,54,89,41.7,Excellent
M,54,90,42.3,Excellent
M,54,91,43.1,Excellent
M,54,92,43.9,Excellent
M,54,93,44.8,Excellent
M,54,94,45.9,Excellent
M,54,95,47,Excellent
M,54,96,52.9,Excellent
M,54,97,58.7,Excellent
M,54,98,64.6,Excellent
M,54,99,70.5,Excellent
M,55,15,16.9,Poor
M,55,16,17.6,Poor
M,55,17,18.3,Poor
M,55,18,19,Poor
M,55,19,19.7,Poor
M,55,20,20.3,Fair
M,55,21,21,Fair
M,55,22,21.7,Fair
M,55,23,22.4,Fair
M,55,24,23,Fair
M,55,25,23.7,Fair
M,55,26,24.4,Fair
M,55,27,25.1,Fair
M,55,28,25.8,Fair
M,55,29,26.4,Fair
M,55,30,27.1,Fair
M,55,31,27.8,Fair
M,55,32,28.5,Fair
M,55,33,29.1,Fair
M,55,34,29.8,Fair
M,55,35,30.5,Fair
M,55,36,31.2,Fair
M,55,37,31.9,Fair
M,55,38,32.5,Fair
M,55,39,33.2,Fair
M,55,40,33.9,Normal
M,55,41,34,Normal
M,55,42,34.1,Normal
M,55,43,34.2,Normal
M,55,44,34.2,Normal
M,55,45,34.3,Normal
M,55,46,34.4,Normal
M,55,47,34.5,Normal
M,55,48,34.6,Normal
M,55,49,34.7,Normal
M,55,50,34.8,Normal
M,55,51,34.9,Normal
M,55,52,35,Normal
M,55,53,35.1,Normal
M,55,54,35.2,Normal
M,55,55,35.3,Normal
M,55,56,35.4,Normal
M,55,57,35.5,Normal
M,55,58,35.7,Normal
M,55,59,35.8,Normal
M,55,60,35.9,Good
M,55,61,36.1,Good
M,55,62,36.2,Good
M,55,63,36.3,Good
M,55,64,36.5,Good
M,55,65,36.6,Good
M,55,66,36.8,Good
M,55,67,36.9,Good
M,55,68,37,Good
M,55,69,37.2,Good
M,55,70,37.3,Good
M,55,71,37.5,Good
M,55,72,37.6,Good
M,55,73,37.7,Good
M,55,74,37.9,Good
M,55,75,38,Good
M,55,76,38.1,Good
M,55,77,38.3,Good
M,55,78,38.4,Good
M,55,79,38.6,Good
M,55,80,38.7,Excellent
M,55,81,38.9,Excellent
M,55,82,39.1,Excellent
M,55,83,39.2,Excellent
M,55,84,39.4,Excellent
M,55,85,39.6,Excellent
M,55,86,39.9,Excellent
M,55,87,40.3,Excellent
M,55,88,40.7,Excellent
M,55,89,41.3,Excellent
M,55,90,42,Excellent
M,55,91,42.7,Excellent
M,55,92,43.5,Excellent
M,55,93,44.5,Excellent
M,55,94,45.5,Excellent
M,55,95,46.7,Excellent
M,55,96,52.5,Excellent
M,55,97,58.3,Excellent
M,55,98,64.2,Excellent
M,55,99,70,Excellent
M,56,15,16.8,Poor
M,56,16,17.5,Poor
M,56,17,18.1,Poor
M,56,18,18.8,Poor
M,56,19,19.5,Poor
M,56,20,20.1,Fair
M,56,21,20.8,Fair
M,56,22,21.5,Fair
M,56,23,22.2,Fair
M,56,24,22.8,Fair
M,56,25,23.5,Fair
M,56,26,24.2,Fair
M,56,27,24.8,Fair
M,56,28,25.5,Fair
M,56,29,26.2,Fair
M,56,30,26.9,Fair
M,56,31,27.5,Fair
M,56,32,28.2,Fair
M,56,33,28.9,Fair
M,56,34,29.5,Fair
M,56,35,30.2,Fair
M,56,36,30.9,Fair
M,56,37,31.5,Fair
M,56,38,32.2,Fair
M,56,39,32.9,Fair
M,56,40,33.6,Normal
M,56,41,33.7,Normal
M,56,42,33.7,Normal
M,56,43,33.8,Normal
M,56,44,33.9,Normal
M,56,45,34,Normal
M,56,46,34.1,Normal
M,56,47,34.1,Normal
M,56,48,34.2,Normal
M,56,49,34.3,Normal
M,56,50,34.4,Normal
M,56,51,34.5,Normal
M,56,52,34.6,Normal
M,56,53,34.7,Normal
M,56,54,34.8,Normal
M,56,55,35,Normal
M,56,56,35.1,Normal
M,56,57,35.2,Normal
M,56,58,35.3,Normal
M,56,59,35.4,Normal
M,56,60,35.6,Good
M,56,61,35.7,Good
M,56,62,35.8,Good
M,56,63,36,Good
M,56,64,36.1,Good
M,56,65,36.3,Good
M,56,66,36.4,Good
M,56,67,36.5,Good
M,56,68,36.7,Good
M,56,69,36.8,Good
M,56,70,37,Good
M,56,71,37.1,Good
M,56,72,37.2,Good
M,56,73,37.4,Good
M,56,74,37.5,Good
M,56,75,37.6,Good
M,56,76,37.8,Good
M,56,77,37.9,Good
M,56,78,38.1,Good
M,56,79,38.2,Good
M,56,80,38.4,Excellent
M,56,81,38.5,Excellent
M,56,82,38.7,Excellent
M,56,83,38.8,Excellent
M,56,84,39,Excellent
M,56,85,39.2,Excellent
M,56,86,39.5,Excellent
M,56,87,39.9,Excellent
M,56,88,40.3,Excellent
M,56,89,40.9,Excellent
M,56,90,41.6,Excellent
M,56,91,42.3,Excellent
M,56,92,43.2,Excellent
M,56,93,44.1,Excellent
M,56,94,45.2,Excellent
M,56,95,46.3,Excellent
M,56,96,52.1,Excellent
M,56,97,57.9,Excellent
M,56,98,63.7,Excellent
M,56,99,69.5,Excellent
M,57,15,16.6,Poor
M,57,16,17.3,Poor
M,57,17,17.9,Poor
M,57,18,18.6,Poor
M,57,19,19.3,Poor
M,57,20,19.9,Fair
M,57,21,20.6,Fair
M,57,22,21.3,Fair
M,57,23,21.9,Fair
M,57,24,22.6,Fair
M,57,25,23.3,Fair
M,57,26,23.9,Fair
M,57,27,24.6,Fair
M,57,28,25.3,Fair
M,57,29,25.9,Fair
M,57,30,26.6,Fair
M,57,31,27.3,Fair
M,57,32,27.9,Fair
M,57,33,28.6,Fair
M,57,34,29.2,Fair
M,57,35,29.9,Fair
M,57,36,30.6,Fair
M,57,37,31.2,Fair
M,57,38,31.9,Fair
M,57,39,32.6,Fair
M,57,40,33.2,Normal
M,57,41,33.3,Normal
M,57,42,33.4,Normal
M,57,43,33.5,Normal
M,57,44,33.6,Normal
M,57,45,33.6,Normal
M,57,46,33.7,Normal
M,57,47,33.8,Normal
M,57,48,33.9,Normal
M,57,49,34,Normal
M,57,50,34.1,Normal
M,57,51,34.2,Normal
M,57,52,34.3,Normal
M,57,53,34.4,Normal
M,57,54,34.5,Normal
M,57,55,34.6,Normal
M,57,56,34.7,Normal
M,57,57,34.8,Normal
M,57,58,35,Normal
M,57,59,35.1,Normal
M,57,60,35.2,Good
M,57,61,35.3,Good
M,57,62,35.5,Good
M,57,63,35.6,Good
M,57,64,35.8,Good
M,57,65,35.9,Good
M,57,66,36,Good
M,57,67,36.2,Good
M,57,68,36.3,Good
M,57,69,36.5,Good
M,57,70,36.6,Good
M,57,71,36.7,Good
M,57,72,36.9,Good
M,57,73,37,Good
M,57,74,37.1,Good
M,57,75,37.3,Good
M,57,76,37.4,Good
M,57,77,37.5,Good
M,57,78,37.7,Good
M,57,79,37.8,Good
M,57,80,38,Excellent
M,57,81,38.1,Excellent
M,57,82,38.3,Excellent
M,57,83,38.4,Excellent
M,57,84,38.6,Excellent
M,57,85,38.8,Excellent
M,57,86,39.1,Excellent
M,57,87,39.5,Excellent
M,57,88,40,Excellent
M,57,89,40.5,Excellent
M,57,90,41.2,Excellent
M,57,91,41.9,Excellent
M,57,92,42.8,Excellent
M,57,93,43.8,Excellent
M,57,94,44.8,Excellent
M,57,95,46,Excellent
M,57,96,51.8,Excellent
M,57,97,57.5,Excellent
M,57,98,63.3,Excellent
M,57,99,69,Excellent
M,58,15,16.5,Poor
M,58,16,17.1,Poor
M,58,17,17.8,Poor
M,58,18,18.4,Poor
M,58,19,19.1,Poor
M,58,20,19.7,Fair
M,58,21,20.4,Fair
M,58,22,21.1,Fair
M,58,23,21.7,Fair
M,58,24,22.4,Fair
M,58,25,23,Fair
M,58,26,23.7,Fair
M,58,27,24.4,Fair
M,58,28,25,Fair
M,58,29,25.7,Fair
M,58,30,26.3,Fair
M,58,31,27,Fair
M,58,32,27.6,Fair
M,58,33,28.3,Fair
M,58,34,29,Fair
M,58,35,29.6,Fair
M,58,36,30.3,Fair
M,58,37,30.9,Fair
M,58,38,31.6,Fair
M,58,39,32.2,Fair
M,58,40,32.9,Normal
M,58,41,33,Normal
M,58,42,33.1,Normal
M,58,43,33.2,Normal
M,58,44,33.2,Normal
M,58,45,33.3,Normal
M,58,46,33.4,Normal
M,58,47,33.5,Normal
M,58,48,33.5,Normal
M,58,49,33.6,Normal
M,58,50,33.7,Normal
M,58,51,33.8,Normal
M,58,52,33.9,Normal
M,58,53,34,Normal
M,58,54,34.1,Normal
M,58,55,34.3,Normal
M,58,56,34.4,Normal
M,58,57,34.5,Normal
M,58,58,34.6,Normal
M,58,59,34.7,Normal
M,58,60,34.9,Good
M,58,61,35,Good
M,58,62,35.1,Good
M,58,63,35.3,Good
M,58,64,35.4,Good
M,58,65,35.5,Good
M,58,66,35.7,Good
M,58,67,35.8,Good
M,58,68,36,Good
M,58,69,36.1,Good
M,58,70,36.2,Good
M,58,71,36.4,Good
M,58,72,36.5,Good
M,58,73,36.6,Good
M,58,74,36.8,Good
M,58,75,36.9,Good
M,58,76,37,Good
M,58,77,37.2,Good
M,58,78,37.3,Good
M,58,79,37.4,Good
M,58,80,37.6,Excellent
M,58,81,37.8,Excellent
M,58,82,37.9,Excellent
M,58,83,38.1,Excellent
M,58,84,38.2,Excellent
M,58,85,38.4,Excellent
M,58,86,38.7,Excellent
M,58,87,39.1,Excellent
M,58,88,39.6,Excellent
M,58,89,40.2,Excellent
M,58,90,40.8,Excellent
M,58,91,41.6,Excellent
M,58,92,42.4,Excellent
M,58,93,43.4,Excellent
M,58,94,44.5,Excellent
M,58,95,45.7,Excellent
M,58,96,51.4,Excellent
M,58,97,57.1,Excellent
M,58,98,62.8,Excellent
M,58,99,68.5,Excellent
M,59,15,16.3,Poor
M,59,16,16.9,Poor
M,59,17,17.6,Poor
M,59,18,18.2,Poor
M,59,19,18.9,Poor
M,59,20,19.5,Fair
M,59,21,20.2,Fair
M,59,22,20.9,Fair
M,59,23,21.5,Fair
M,59,24,22.2,Fair
M,59,25,22.8,Fair
M,59,26,23.5,Fair
M,59,27,24.1,Fair
M,59,28,24.8,Fair
M,59,29,25.4,Fair
M,59,30,26.1,Fair
M,59,31,26.7,Fair
M,59,32,27.4,Fair
M,59,33,28,Fair
M,59,34,28.7,Fair
M,59,35,29.3,Fair
M,59,36,30,Fair
M,59,37,30.6,Fair
M,59,38,31.3,Fair
M,59,39,31.9,Fair
M,59,40,32.6,Normal
M,59,41,32.7,Normal
M,59,42,32.7,Normal
M,59,43,32.8,Normal
M,59,44,32.9,Normal
M,59,45,33,Normal
M,59,46,33.1,Normal
M,59,47,33.1,Normal
M,59,48,33.2,Normal
M,59,49,33.3,Normal
M,59,50,33.4,Normal
M,59,51,33.5,Normal
M,59,52,33.6,Normal
M,59,53,33.7,Normal
M,59,54,33.8,Normal
M,59,55,33.9,Normal
M,59,56,34,Normal
M,59,57,34.1,Normal
M,59,58,34.3,Normal
M,59,59,34.4,Normal
M,59,60,34.5,Good
M,59,61,34.6,Good
M,59,62,34.8,Good
M,59,63,34.9,Good
M,59,64,35,Good
M,59,65,35.2,Good
M,59,66,35.3,Good
M,59,67,35.5,Good
M,59,68,35.6,Good
M,59,69,35.7,Good
M,59,70,35.9,Good
M,59,71,36,Good
M,59,72,36.1,Good
M,59,73,36.3,Good
M,59,74,36.4,Good
M,59,75,36.5,Good
M,59,76,36.7,Good
M,59,77,36.8,Good
M,59,78,36.9,Good
M,59,79,37.1,Good
M,59,80,37.2,Excellent
M,59,81,37.4,Excellent
M,59,82,37.5,Excellent
M,59,83,37.7,Excellent
M,59,84,37.8,Excellent
M,59,85,38,Excellent
M,59,86,38.3,Excellent
M,59,87,38.7,Excellent
M,59,88,39.2,Excellent
M,59,89,39.8,Excellent
M,59,90,40.5,Excellent
M,59,91,41.2,Excellent
M,59,92,42.1,Excellent
M,59,93,43.1,Excellent
M,59,94,44.1,Excellent
M,59,95,45.4,Excellent
M,59,96,51,Excellent
M,59,97,56.7,Excellent
M,59,98,62.4,Excellent
M,59,99,68,Excellent
M,60,15,16.1,Poor
M,60,16,16.8,Poor
M,60,17,17.4,Poor
M,60,18,18.1,Poor
M,60,19,18.7,Poor
M,60,20,19.4,Fair
M,60,21,20,Fair
M,60,22,20.6,Fair
M,60,23,21.3,Fair
M,60,24,21.9,Fair
M,60,25,22.6,Fair
M,60,26,23.2,Fair
M,60,27,23.9,Fair
M,60,28,24.5,Fair
M,60,29,25.2,Fair
M,60,30,25.8,Fair
M,60,31,26.5,Fair
M,60,32,27.1,Fair
M,60,33,27.7,Fair
M,60,34,28.4,Fair
M,60,35,29,Fair
M,60,36,29.7,Fair
M,60,37,30.3,Fair
M,60,38,31,Fair
M,60,39,31.6,Fair
M,60,40,32.3,Normal
M,60,41,32.3,Normal
M,60,42,32.4,Normal
M,60,43,32.5,Normal
M,60,44,32.6,Normal
M,60,45,32.6,Normal
M,60,46,32.7,Normal
M,60,47,32.8,Normal
M,60,48,32.9,Normal
M,60,49,33,Normal
M,60,50,33.1,Normal
M,60,51,33.1,Normal
M,60,52,33.2,Normal
M,60,53,33.4,Normal
M,60,54,33.5,Normal
M,60,55,33.6,Normal
M,60,56,33.7,Normal
M,60,57,33.8,Normal
M,60,58,33.9,Normal
M,60,59,34,Normal
M,60,60,34.2,Good
M,60,61,34.3,Good
M,60,62,34.4,Good
M,60,63,34.6,Good
M,60,64,34.7,Good
M,60,65,34.8,Good
M,60,66,35,Good
M,60,67,35.1,Good
M,60,68,35.2,Good
M,60,69,35.4,Good
M,60,70,35.5,Good
M,60,71,35.6,Good
M,60,72,35.8,Good
M,60,73,35.9,Good
M,60,74,36,Good
M,60,75,36.2,Good
M,60,76,36.3,Good
M,60,77,36.4,Good
M,60,78,36.6,Good
M,60,79,36.7,Good
M,60,80,36.9,Excellent
M,60,81,37,Excellent
M,60,82,37.2,Excellent
M,60,83,37.3,Excellent
M,60,84,37.5,Excellent
M,60,85,37.7,Excellent
M,60,86,38,Excellent
M,60,87,38.4,Excellent
M,60,88,38.8,Excellent
M,60,89,39.4,Excellent
M,60,90,40.1,Excellent
M,60,91,40.9,Excellent
M,60,92,41.7,Excellent
M,60,93,42.7,Excellent
M,60,94,43.8,Excellent
M,60,95,45,Excellent
M,60,96,50.6,Excellent
M,60,97,56.3,Excellent
M,60,98,61.9,Excellent
M,60,99,67.5,Excellent
M,61,15,16,Poor
M,61,16,16.6,Poor
M,61,17,17.2,Poor
M,61,18,17.9,Poor
M,61,19,18.5,Poor
M,61,20,19.2,Fair
M,61,21,19.8,Fair
M,61,22,20.4,Fair
M,61,23,21.1,Fair
M,61,24,21.7,Fair
M,61,25,22.4,Fair
M,61,26,23,Fair
M,61,27,23.6,Fair
M,61,28,24.3,Fair
M,61,29,24.9,Fair
M,61,30,25.5,Fair
M,61,31,26.2,Fair
M,61,32,26.8,Fair
M,61,33,27.5,Fair
M,61,34,28.1,Fair
M,61,35,28.7,Fair
M,61,36,29.4,Fair
M,61,37,30,Fair
M,61,38,30.7,Fair
M,61,39,31.3,Fair
M,61,40,31.9,Normal
M,61,41,32,Normal
M,61,42,32.1,Normal
M,61,43,32.2,Normal
M,61,44,32.2,Normal
M,61,45,32.3,Normal
M,61,46,32.4,Normal
M,61,47,32.5,Normal
M,61,48,32.5,Normal
M,61,49,32.6,Normal
M,61,50,32.7,Normal
M,61,51,32.8,Normal
M,61,52,32.9,Normal
M,61,53,33,Normal
M,61,54,33.1,Normal
M,61,55,33.2,Normal
M,61,56,33.3,Normal
M,61,57,33.4,Normal
M,61,58,33.6,Normal
M,61,59,33.7,Normal
M,61,60,33.8,Good
M,61,61,33.9,Good
M,61,62,34.1,Good
M,61,63,34.2,Good
M,61,64,34.3,Good
M,61,65,34.5,Good
M,61,66,34.6,Good
M,61,67,34.7,Good
M,61,68,34.9,Good
M,61,69,35,Good
M,61,70,35.1,Good
M,61,71,35.3,Good
M,61,72,35.4,Good
M,61,73,35.5,Good
M,61,74,35.7,Good
M,61,75,35.8,Good
M,61,76,35.9,Good
M,61,77,36.1,Good
M,61,78,36.2,Good
M,61,79,36.3,Good
M,61,80,36.5,Excellent
M,61,81,36.7,Excellent
M,61,82,36.8,Excellent
M,61,83,37,Excellent
M,61,84,37.1,Excellent
M,61,85,37.3,Excellent
M,61,86,37.6,Excellent
M,61,87,38,Excellent
M,61,88,38.5,Excellent
M,61,89,39.1,Excellent
M,61,90,39.7,Excellent
M,61,91,40.5,Excellent
M,61,92,41.4,Excellent
M,61,93,42.3,Excellent
M,61,94,43.4,Excellent
M,61,95,44.7,Excellent
M,61,96,50.2,Excellent
M,61,97,55.8,Excellent
M,61,98,61.4,Excellent
M,61,99,67,Excellent
M,62,15,15.8,Poor
M,62,16,16.4,Poor
M,62,17,17.1,Poor
M,62,18,17.7,Poor
M,62,19,18.3,Poor
M,62,20,19,Fair
M,62,21,19.6,Fair
M,62,22,20.2,Fair
M,62,23,20.9,Fair
M,62,24,21.5,Fair
M,62,25,22.1,Fair
M,62,26,22.8,Fair
M,62,27,23.4,Fair
M,62,28,24,Fair
M,62,29,24.6,Fair
M,62,30,25.3,Fair
M,62,31,25.9,Fair
M,62,32,26.5,Fair
M,62,33,27.2,Fair
M,62,34,27.8,Fair
M,62,35,28.4,Fair
M,62,36,29.1,Fair
M,62,37,29.7,Fair
M,62,38,30.3,Fair
M,62,39,31,Fair
M,62,40,31.6,Normal
M,62,41,31.7,Normal
M,62,42,31.8,Normal
M,62,43,31.8,Normal
M,62,44,31.9,Normal
M,62,45,32,Normal
M,62,46,32,Normal
M,62,47,32.1,Normal
M,62,48,32.2,Normal
M,62,49,32.3,Normal
M,62,50,32.4,Normal
M,62,51,32.4,Normal
M,62,52,32.5,Normal
M,62,53,32.6,Normal
M,62,54,32.8,Normal
M,62,55,32.9,Normal
M,62,56,33,Normal
M,62,57,33.1,Normal
M,62,58,33.2,Normal
M,62,59,33.3,Normal
M,62,60,33.4,Good
M,62,61,33.6,Good
M,62,62,33.7,Good
M,62,63,33.8,Good
M,62,64,34,Good
M,62,65,34.1,Good
M,62,66,34.2,Good
M,62,67,34.4,Good
M,62,68,34.5,Good
M,62,69,34.6,Good
M,62,70,34.8,Good
M,62,71,34.9,Good
M,62,72,35,Good
M,62,73,35.2,Good
M,62,74,35.3,Good
M,62,75,35.4,Good
M,62,76,35.6,Good
M,62,77,35.7,Good
M,62,78,35.8,Good
M,62,79,36,Good
M,62,80,36.1,Excellent
M,62,81,36.3,Excellent
M,62,82,36.5,Excellent
M,62,83,36.6,Excellent
M,62,84,36.8,Excellent
M,62,85,37,Excellent
M,62,86,37.3,Excellent
M,62,87,37.6,Excellent
M,62,88,38.1,Excellent
M,62,89,38.7,Excellent
M,62,90,39.4,Excellent
M,62,91,40.2,Excellent
M,62,92,41,Excellent
M,62,93,42,Excellent
M,62,94,43.1,Excellent
M,62,95,44.3,Excellent
M,62,96,49.8,Excellent
M,62,97,55.4,Excellent
M,62,98,60.9,Excellent
M,62,99,66.4,Excellent
M,63,15,15.6,Poor
M,63,16,16.3,Poor
M,63,17,16.9,Poor
M,63,18,17.5,Poor
M,63,19,18.1,Poor
M,63,20,18.8,Fair
M,63,21,19.4,Fair
M,63,22,20,Fair
M,63,23,20.6,Fair
M,63,24,21.3,Fair
M,63,25,21.9,Fair
M,63,26,22.5,Fair
M,63,27,23.1,Fair
M,63,28,23.8,Fair
M,63,29,24.4,Fair
M,63,30,25,Fair
M,63,31,25.6,Fair
M,63,32,26.3,Fair
M,63,33,26.9,Fair
M,63,34,27.5,Fair
M,63,35,28.1,Fair
M,63,36,28.8,Fair
M,63,37,29.4,Fair
M,63,38,30,Fair
M,63,39,30.6,Fair
M,63,40,31.3,Normal
M,63,41,31.3,Normal
M,63,42,31.4,Normal
M,63,43,31.5,Normal
M,63,44,31.6,Normal
M,63,45,31.6,Normal
M,63,46,31.7,Normal
M,63,47,31.8,Normal
M,63,48,31.8,Normal
M,63,49,31.9,Normal
M,63,50,32,Normal
M,63,51,32.1,Normal
M,63,52,32.2,Normal
M,63,53,32.3,Normal
M,63,54,32.4,Normal
M,63,55,32.5,Normal
M,63,56,32.6,Normal
M,63,57,32.7,Normal
M,63,58,32.9,Normal
M,63,59,33,Normal
M,63,60,33.1,Good
M,63,61,33.2,Good
M,63,62,33.3,Good
M,63,63,33.5,Good
M,63,64,33.6,Good
M,63,65,33.7,Good
M,63,66,33.9,Good
M,63,67,34,Good
M,63,68,34.1,Good
M,63,69,34.3,Good
M,63,70,34.4,Good
M,63,71,34.5,Good
M,63,72,34.7,Good
M,63,73,34.8,Good
M,63,74,34.9,Good
M,63,75,35.1,Good
M,63,76,35.2,Good
M,63,77,35.3,Good
M,63,78,35.5,Good
M,63,79,35.6,Good
M,63,80,35.8,Excellent
M,63,81,36,Excellent
M,63,82,36.1,Excellent
M,63,83,36.3,Excellent
M,63,84,36.4,Excellent
M,63,85,36.6,Excellent
M,63,86,36.9,Excellent
M,63,87,37.3,Excellent
M,63,88,37.8,Excellent
M,63,89,38.4,Excellent
M,63,90,39.1,Excellent
M,63,91,39.8,Excellent
M,63,92,40.7,Excellent
M,63,93,41.6,Excellent
M,63,94,42.7,Excellent
M,63,95,43.9,Excellent
M,63,96,49.4,Excellent
M,63,97,54.9,Excellent
M,63,98,60.4,Excellent
M,63,99,65.9,Excellent
M,64,15,15.5,Poor
M,64,16,16.1,Poor
M,64,17,16.7,Poor
M,64,18,17.3,Poor
M,64,19,18,Poor
M,64,20,18.6,Fair
M,64,21,19.2,Fair
M,64,22,19.8,Fair
M,64,23,20.4,Fair
M,64,24,21.1,Fair
M,64,25,21.7,Fair
M,64,26,22.3,Fair
M,64,27,22.9,Fair
M,64,28,23.5,Fair
M,64,29,24.1,Fair
M,64,30,24.8,Fair
M,64,31,25.4,Fair
M,64,32,26,Fair
M,64,33,26.6,Fair
M,64,34,27.2,Fair
M,64,35,27.9,Fair
M,64,36,28.5,Fair
M,64,37,29.1,Fair
M,64,38,29.7,Fair
M,64,39,30.3,Fair
M,64,40,31,Normal
M,64,41,31,Normal
M,64,42,31.1,Normal
M,64,43,31.2,Normal
M,64,44,31.2,Normal
M,64,45,31.3,Normal
M,64,46,31.4,Normal
M,64,47,31.4,Normal
M,64,48,31.5,Normal
M,64,49,31.6,Normal
M,64,50,31.7,Normal
M,64,51,31.8,Normal
M,64,52,31.9,Normal
M,64,53,32,Normal
M,64,54,32.1,Normal
M,64,55,32.2,Normal
M,64,56,32.3,Normal
M,64,57,32.4,Normal
M,64,58,32.5,Normal
M,64,59,32.6,Normal
M,64,60,32.8,Good
M,64,61,32.9,Good
M,64,62,33,Good
M,64,63,33.1,Good
M,64,64,33.3,Good
M,64,65,33.4,Good
M,64,66,33.5,Good
M,64,67,33.7,Good
M,64,68,33.8,Good
M,64,69,33.9,Good
M,64,70,34.1,Good
M,64,71,34.2,Good
M,64,72,34.3,Good
M,64,73,34.5,Good
M,64,74,34.6,Good
M,64,75,34.7,Good
M,64,76,34.9,Good
M,64,77,35,Good
M,64,78,35.1,Good
M,64,79,35.3,Good
M,64,80,35.5,Excellent
M,64,81,35.6,Excellent
M,64,82,35.8,Excellent
M,64,83,35.9,Excellent
M,64,84,36.1,Excellent
M,64,85,36.3,Excellent
M,64,86,36.6,Excellent
M,64,87,37,Excellent
M,64,88,37.5,Excellent
M,64,89,38.1,Excellent
M,64,90,38.7,Excellent
M,64,91,39.5,Excellent
M,64,92,40.3,Excellent
M,64,93,41.3,Excellent
M,64,94,42.4,Excellent
M,64,95,43.6,Excellent
M,64,96,49,Excellent
M,64,97,54.5,Excellent
M,64,98,59.9,Excellent
M,64,99,65.3,Excellent
M,65,15,15.3,Poor
M,65,16,15.9,Poor
M,65,17,16.6,Poor
M,65,18,17.2,Poor
M,65,19,17.8,Poor
M,65,20,18.4,Fair
M,65,21,19,Fair
M,65,22,19.6,Fair
M,65,23,20.2,Fair
M,65,24,20.9,Fair
M,65,25,21.5,Fair
M,65,26,22.1,Fair
M,65,27,22.7,Fair
M,65,28,23.3,Fair
M,65,29,23.9,Fair
M,65,30,24.5,Fair
M,65,31,25.1,Fair
M,65,32,25.8,Fair
M,65,33,26.4,Fair
M,65,34,27,Fair
M,65,35,27.6,Fair
M,65,36,28.2,Fair
M,65,37,28.8,Fair
M,65,38,29.4,Fair
M,65,39,30.1,Fair
M,65,40,30.7,Normal
M,65,41,30.7,Normal
M,65,42,30.8,Normal
M,65,43,30.9,Normal
M,65,44,30.9,Normal
M,65,45,31,Normal
M,65,46,31.1,Normal
M,65,47,31.1,Normal
M,65,48,31.2,Normal
M,65,49,31.3,Normal
M,65,50,31.4,Normal
M,65,51,31.5,Normal
M,65,52,31.6,Normal
M,65,53,31.7,Normal
M,65,54,31.8,Normal
M,65,55,31.9,Normal
M,65,56,32,Normal
M,65,57,32.1,Normal
M,65,58,32.2,Normal
M,65,59,32.3,Normal
M,65,60,32.4,Good
M,65,61,32.6,Good
M,65,62,32.7,Good
M,65,63,32.8,Good
M,65,64,32.9,Good
M,65,65,33.1,Good
M,65,66,33.2,Good
M,65,67,33.3,Good
M,65,68,33.5,Good
M,65,69,33.6,Good
M,65,70,33.7,Good
M,65,71,33.9,Good
M,65,72,34,Good
M,65,73,34.1,Good
M,65,74,34.3,Good
M,65,75,34.4,Good
M,65,76,34.5,Good
M,65,77,34.7,Good
M,65,78,34.8,Good
M,65,79,35,Good
M,65,80,35.2,Excellent
M,65,81,35.3,Excellent
M,65,82,35.5,Excellent
M,65,83,35.6,Excellent
M,65,84,35.8,Excellent
M,65,85,36,Excellent
M,65,86,36.3,Excellent
M,65,87,36.7,Excellent
M,65,88,37.2,Excellent
M,65,89,37.8,Excellent
M,65,90,38.4,Excellent
M,65,91,39.2,Excellent
M,65,92,40,Excellent
M,65,93,41,Excellent
M,65,94,42,Excellent
M,65,95,43.2,Excellent
M,65,96,48.6,Excellent
M,65,97,54,Excellent
M,65,98,59.4,Excellent
M,65,99,64.8,Excellent
M,66,15,15.2,Poor
M,66,16,15.8,Poor
M,66,17,16.4,Poor
M,66,18,17,Poor
M,66,19,17.6,Poor
M,66,20,18.2,Fair
M,66,21,18.8,Fair
M,66,22,19.5,Fair
M,66,23,20.1,Fair
M,66,24,20.7,Fair
M,66,25,21.3,Fair
M,66,26,21.9,Fair
M,66,27,22.5,Fair
M,66,28,23.1,Fair
M,66,29,23.7,Fair
M,66,30,24.3,Fair
M,66,31,24.9,Fair
M,66,32,25.5,Fair
M,66,33,26.1,Fair
M,66,34,26.7,Fair
M,66,35,27.4,Fair
M,66,36,28,Fair
M,66,37,28.6,Fair
M,66,38,29.2,Fair
M,66,39,29.8,Fair
M,66,40,30.4,Normal
M,66,41,30.5,Normal
M,66,42,30.5,Normal
M,66,43,30.6,Normal
M,66,44,30.7,Normal
M,66,45,30.7,Normal
M,66,46,30.8,Normal
M,66,47,30.9,Normal
M,66,48,30.9,Normal
M,66,49,31,Normal
M,66,50,31.1,Normal
M,66,51,31.2,Normal
M,66,52,31.3,Normal
M,66,53,31.4,Normal
M,66,54,31.5,Normal
M,66,55,31.6,Normal
M,66,56,31.7,Normal
M,66,57,31.8,Normal
M,66,58,31.9,Normal
M,66,59,32,Normal
M,66,60,32.1,Good
M,66,61,32.3,Good
M,66,62,32.4,Good
M,66,63,32.5,Good
M,66,64,32.7,Good
M,66,65,32.8,Good
M,66,66,32.9,Good
M,66,67,33.1,Good
M,66,68,33.2,Good
M,66,69,33.3,Good
M,66,70,33.5,Good
M,66,71,33.6,Good
M,66,72,33.7,Good
M,66,73,33.8,Good
M,66,74,34,Good
M,66,75,34.1,Good
M,66,76,34.3,Good
M,66,77,34.4,Good
M,66,78,34.5,Good
M,66,79,34.7,Good
M,66,80,34.9,Excellent
M,66,81,35,Excellent
M,66,82,35.2,Excellent
M,66,83,35.4,Excellent
M,66,84,35.5,Excellent
M,66,85,35.8,Excellent
M,66,86,36.1,Excellent
M,66,87,36.4,Excellent
M,66,88,36.9,Excellent
M,66,89,37.5,Excellent
M,66,90,38.2,Excellent
M,66,91,38.9,Excellent
M,66,92,39.7,Excellent
M,66,93,40.7,Excellent
M,66,94,41.7,Excellent
M,66,95,42.9,Excellent
M,66,96,48.3,Excellent
M,66,97,53.6,Excellent
M,66,98,59,Excellent
M,66,99,64.3,Excellent
M,67,15,15.1,Poor
M,67,16,15.7,Poor
M,67,17,16.3,Poor
M,67,18,16.9,Poor
M,67,19,17.5,Poor
M,67,20,18.1,Fair
M,67,21,18.7,Fair
M,67,22,19.3,Fair
M,67,23,19.9,Fair
M,67,24,20.5,Fair
M,67,25,21.1,Fair
M,67,26,21.7,Fair
M,67,27,22.3,Fair
M,67,28,22.9,Fair
M,67,29,23.5,Fair
M,67,30,24.1,Fair
M,67,31,24.7,Fair
M,67,32,25.3,Fair
M,67,33,25.9,Fair
M,67,34,26.5,Fair
M,67,35,27.1,Fair
M,67,36,27.7,Fair
M,67,37,28.3,Fair
M,67,38,28.9,Fair
M,67,39,29.5,Fair
M,67,40,30.2,Normal
M,67,41,30.2,Normal
M,67,42,30.3,Normal
M,67,43,30.4,Normal
M,67,44,30.4,Normal
M,67,45,30.5,Normal
M,67,46,30.5,Normal
M,67,47,30.6,Normal
M,67,48,30.7,Normal
M,67,49,30.7,Normal
M,67,50,30.8,Normal
M,67,51,30.9,Normal
M,67,52,31,Normal
M,67,53,31.1,Normal
M,67,54,31.2,Normal
M,67,55,31.3,Normal
M,67,56,31.4,Normal
M,67,57,31.5,Normal
M,67,58,31.6,Normal
M,67,59,31.8,Normal
M,67,60,31.9,Good
M,67,61,32,Good
M,67,62,32.1,Good
M,67,63,32.3,Good
M,67,64,32.4,Good
M,67,65,32.5,Good
M,67,66,32.7,Good
M,67,67,32.8,Good
M,67,68,32.9,Good
M,67,69,33.1,Good
M,67,70,33.2,Good
M,67,71,33.3,Good
M,67,72,33.4,Good
M,67,73,33.6,Good
M,67,74,33.7,Good
M,67,75,33.9,Good
M,67,76,34,Good
M,67,77,34.1,Good
M,67,78,34.3,Good
M,67,79,34.4,Good
M,67,80,34.6,Excellent
M,67,81,34.8,Excellent
M,67,82,35,Excellent
M,67,83,35.1,Excellent
M,67,84,35.3,Excellent
M,67,85,35.5,Excellent
M,67,86,35.8,Excellent
M,67,87,36.2,Excellent
M,67,88,36.7,Excellent
M,67,89,37.3,Excellent
M,67,90,37.9,Excellent
M,67,91,38.7,Excellent
M,67,92,39.5,Excellent
M,67,93,40.4,Excellent
M,67,94,41.5,Excellent
M,67,95,42.6,Excellent
M,67,96,47.9,Excellent
M,67,97,53.2,Excellent
M,67,98,58.6,Excellent
M,67,99,63.9,Excellent
M,68,15,15,Poor
M,68,16,15.6,Poor
M,68,17,16.2,Poor
M,68,18,16.8,Poor
M,68,19,17.4,Poor
M,68,20,18,Fair
M,68,21,18.6,Fair
M,68,22,19.2,Fair
M,68,23,19.8,Fair
M,68,24,20.4,Fair
M,68,25,21,Fair
M,68,26,21.6,Fair
M,68,27,22.2,Fair
M,68,28,22.8,Fair
M,68,29,23.4,Fair
M,68,30,23.9,Fair
M,68,31,24.5,Fair
M,68,32,25.1,Fair
M,68,33,25.7,Fair
M,68,34,26.3,Fair
M,68,35,26.9,Fair
M,68,36,27.5,Fair
M,68,37,28.1,Fair
M,68,38,28.7,Fair
M,68,39,29.3,Fair
M,68,40,29.9,Normal
M,68,41,30,Normal
M,68,42,30.1,Normal
M,68,43,30.1,Normal
M,68,44,30.2,Normal
M,68,45,30.3,Normal
M,68,46,30.3,Normal
M,68,47,30.4,Normal
M,68,48,30.4,Normal
M,68,49,30.5,Normal
M,68,50,30.6,Normal
M,68,51,30.7,Normal
M,68,52,30.8,Normal
M,68,53,30.9,Normal
M,68,54,31,Normal
M,68,55,31.1,Normal
M,68,56,31.2,Normal
M,68,57,31.3,Normal
M,68,58,31.4,Normal
M,68,59,31.5,Normal
M,68,60,31.6,Good
M,68,61,31.8,Good
M,68,62,31.9,Good
M,68,63,32,Good
M,68,64,32.2,Good
M,68,65,32.3,Good
M,68,66,32.4,Good
M,68,67,32.5,Good
M,68,68,32.7,Good
M,68,69,32.8,Good
M,68,70,32.9,Good
M,68,71,33.1,Good
M,68,72,33.2,Good
M,68,73,33.3,Good
M,68,74,33.5,Good
M,68,75,33.6,Good
M,68,76,33.8,Good
M,68,77,33.9,Good
M,68,78,34.1,Good
M,68,79,34.2,Good
M,68,80,34.4,Excellent
M,68,81,34.6,Excellent
M,68,82,34.7,Excellent
M,68,83,34.9,Excellent
M,68,84,35.1,Excellent
M,68,85,35.3,Excellent
M,68,86,35.6,Excellent
M,68,87,36,Excellent
M,68,88,36.5,Excellent
M,68,89,37.1,Excellent
M,68,90,37.7,Excellent
M,68,91,38.4,Excellent
M,68,92,39.3,Excellent
M,68,93,40.2,Excellent
M,68,94,41.2,Excellent
M,68,95,42.3,Excellent
M,68,96,47.6,Excellent
M,68,97,52.9,Excellent
M,68,98,58.2,Excellent
M,68,99,63.5,Excellent
M,69,15,14.9,Poor
M,69,16,15.5,Poor
M,69,17,16.1,Poor
M,69,18,16.7,Poor
M,69,19,17.3,Poor
M,69,20,17.9,Fair
M,69,21,18.4,Fair
M,69,22,19,Fair
M,69,23,19.6,Fair
M,69,24,20.2,Fair
M,69,25,20.8,Fair
M,69,26,21.4,Fair
M,69,27,22,Fair
M,69,28,22.6,Fair
M,69,29,23.2,Fair
M,69,30,23.8,Fair
M,69,31,24.4,Fair
M,69,32,25,Fair
M,69,33,25.6,Fair
M,69,34,26.2,Fair
M,69,35,26.8,Fair
M,69,36,27.4,Fair
M,69,37,28,Fair
M,69,38,28.6,Fair
M,69,39,29.2,Fair
M,69,40,29.8,Normal
M,69,41,29.8,Normal
M,69,42,29.9,Normal
M,69,43,29.9,Normal
M,69,44,30,Normal
M,69,45,30.1,Normal
M,69,46,30.1,Normal
M,69,47,30.2,Normal
M,69,48,30.2,Normal
M,69,49,30.3,Normal
M,69,50,30.4,Normal
M,69,51,30.5,Normal
M,69,52,30.6,Normal
M,69,53,30.7,Normal
M,69,54,30.8,Normal
M,69,55,30.9,Normal
M,69,56,31,Normal
M,69,57,31.1,Normal
M,69,58,31.2,Normal
M,69,59,31.3,Normal
M,69,60,31.4,Good
M,69,61,31.6,Good
M,69,62,31.7,Good
M,69,63,31.8,Good
M,69,64,31.9,Good
M,69,65,32.1,Good
M,69,66,32.2,Good
M,69,67,32.3,Good
M,69,68,32.5,Good
M,69,69,32.6,Good
M,69,70,32.7,Good
M,69,71,32.9,Good
M,69,72,33,Good
M,69,73,33.1,Good
M,69,74,33.3,Good
M,69,75,33.4,Good
M,69,76,33.6,Good
M,69,77,33.7,Good
M,69,78,33.9,Good
M,69,79,34,Good
M,69,80,34.2,Excellent
M,69,81,34.4,Excellent
M,69,82,34.6,Excellent
M,69,83,34.7,Excellent
M,69,84,34.9,Excellent
M,69,85,35.1,Excellent
M,69,86,35.5,Excellent
M,69,87,35.8,Excellent
M,69,88,36.3,Excellent
M,69,89,36.9,Excellent
M,69,90,37.5,Excellent
M,69,91,38.3,Excellent
M,69,92,39.1,Excellent
M,69,93,40,Excellent
M,69,94,41,Excellent
M,69,95,42.1,Excellent
M,69,96,47.4,Excellent
M,69,97,52.6,Excellent
M,69,98,57.9,Excellent
M,69,99,63.2,Excellent
M,70,15,14.8,Poor
M,70,16,15.4,Poor
M,70,17,16,Poor
M,70,18,16.6,Poor
M,70,19,17.2,Poor
M,70,20,17.8,Fair
M,70,21,18.3,Fair
M,70,22,18.9,Fair
M,70,23,19.5,Fair
M,70,24,20.1,Fair
M,70,25,20.7,Fair
M,70,26,21.3,Fair
M,70,27,21.9,Fair
M,70,28,22.5,Fair
M,70,29,23.1,Fair
M,70,30,23.7,Fair
M,70,31,24.3,Fair
M,70,32,24.9,Fair
M,70,33,25.5,Fair
M,70,34,26,Fair
M,70,35,26.6,Fair
M,70,36,27.2,Fair
M,70,37,27.8,Fair
M,70,38,28.4,Fair
M,70,39,29,Fair
M,70,40,29.6,Normal
M,70,41,29.7,Normal
M,70,42,29.7,Normal
M,70,43,29.8,Normal
M,70,44,29.8,Normal
M,70,45,29.9,Normal
M,70,46,30,Normal
M,70,47,30,Normal
M,70,48,30.1,Normal
M,70,49,30.2,Normal
M,70,50,30.2,Normal
M,70,51,30.3,Normal
M,70,52,30.4,Normal
M,70,53,30.5,Normal
M,70,54,30.6,Normal
M,70,55,30.7,Normal
M,70,56,30.8,Normal
M,70,57,30.9,Normal
M,70,58,31,Normal
M,70,59,31.2,Normal
M,70,60,31.3,Good
M,70,61,31.4,Good
M,70,62,31.5,Good
M,70,63,31.6,Good
M,70,64,31.8,Good
M,70,65,31.9,Good
M,70,66,32,Good
M,70,67,32.2,Good
M,70,68,32.3,Good
M,70,69,32.4,Good
M,70,70,32.6,Good
M,70,71,32.7,Good
M,70,72,32.8,Good
M,70,73,33,Good
M,70,74,33.1,Good
M,70,75,33.3,Good
M,70,76,33.4,Good
M,70,77,33.5,Good
M,70,78,33.7,Good
M,70,79,33.9,Good
M,70,80,34.1,Excellent
M,70,81,34.2,Excellent
M,70,82,34.4,Excellent
M,70,83,34.6,Excellent
M,70,84,34.8,Excellent
M,70,85,35,Excellent
M,70,86,35.3,Excellent
M,70,87,35.7,Excellent
M,70,88,36.2,Excellent
M,70,89,36.8,Excellent
M,70,90,37.4,Excellent
M,70,91,38.1,Excellent
M,70,92,38.9,Excellent
M,70,93,39.8,Excellent
M,70,94,40.8,Excellent
M,70,95,41.9,Excellent
M,70,96,47.1,Excellent
M,70,97,52.4,Excellent
M,70,98,57.6,Excellent
M,70,99,62.9,Excellent
M,71,15,14.7,Poor
M,71,16,15.3,Poor
M,71,17,15.9,Poor
M,71,18,16.5,Poor
M,71,19,17.1,Poor
M,71,20,17.7,Fair
M,71,21,18.3,Fair
M,71,22,18.9,Fair
M,71,23,19.4,Fair
M,71,24,20,Fair
M,71,25,20.6,Fair
M,71,26,21.2,Fair
M,71,27,21.8,Fair
M,71,28,22.4,Fair
M,71,29,23,Fair
M,71,30,23.6,Fair
M,71,31,24.2,Fair
M,71,32,24.8,Fair
M,71,33,25.3,Fair
M,71,34,25.9,Fair
M,71,35,26.5,Fair
M,71,36,27.1,Fair
M,71,37,27.7,Fair
M,71,38,28.3,Fair
M,71,39,28.9,Fair
M,71,40,29.5,Normal
M,71,41,29.5,Normal
M,71,42,29.6,Normal
M,71,43,29.7,Normal
M,71,44,29.7,Normal
M,71,45,29.8,Normal
M,71,46,29.8,Normal
M,71,47,29.9,Normal
M,71,48,29.9,Normal
M,71,49,30,Normal
M,71,50,30.1,Normal
M,71,51,30.2,Normal
M,71,52,30.3,Normal
M,71,53,30.4,Normal
M,71,54,30.5,Normal
M,71,55,30.6,Normal
M,71,56,30.7,Normal
M,71,57,30.8,Normal
M,71,58,30.9,Normal
M,71,59,31,Normal
M,71,60,31.1,Good
M,71,61,31.3,Good
M,71,62,31.4,Good
M,71,63,31.5,Good
M,71,64,31.6,Good
M,71,65,31.8,Good
M,71,66,31.9,Good
M,71,67,32,Good
M,71,68,32.2,Good
M,71,69,32.3,Good
M,71,70,32.4,Good
M,71,71,32.6,Good
M,71,72,32.7,Good
M,71,73,32.8,Good
M,71,74,33,Good
M,71,75,33.1,Good
M,71,76,33.3,Good
M,71,77,33.4,Good
M,71,78,33.6,Good
M,71,79,33.7,Good
M,71,80,33.9,Excellent
M,71,81,34.1,Excellent
M,71,82,34.3,Excellent
M,71,83,34.5,Excellent
M,71,84,34.7,Excellent
M,71,85,34.9,Excellent
M,71,86,35.2,Excellent
M,71,87,35.6,Excellent
M,71,88,36.1,Excellent
M,71,89,36.6,Excellent
M,71,90,37.3,Excellent
M,71,91,38,Excellent
M,71,92,38.8,Excellent
M,71,93,39.7,Excellent
M,71,94,40.7,Excellent
M,71,95,41.7,Excellent
M,71,96,47,Excellent
M,71,97,52.2,Excellent
M,71,98,57.4,Excellent
M,71,99,62.6,Excellent
M,72,15,14.7,Poor
M,72,16,15.3,Poor
M,72,17,15.9,Poor
M,72,18,16.4,Poor
M,72,19,17,Poor
M,72,20,17.6,Fair
M,72,21,18.2,Fair
M,72,22,18.8,Fair
M,72,23,19.4,Fair
M,72,24,20,Fair
M,72,25,20.6,Fair
M,72,26,21.1,Fair
M,72,27,21.7,Fair
M,72,28,22.3,Fair
M,72,29,22.9,Fair
M,72,30,23.5,Fair
M,72,31,24.1,Fair
M,72,32,24.7,Fair
M,72,33,25.3,Fair
M,72,34,25.8,Fair
M,72,35,26.4,Fair
M,72,36,27,Fair
M,72,37,27.6,Fair
M,72,38,28.2,Fair
M,72,39,28.8,Fair
M,72,40,29.4,Normal
M,72,41,29.4,Normal
M,72,42,29.5,Normal
M,72,43,29.6,Normal
M,72,44,29.6,Normal
M,72,45,29.7,Normal
M,72,46,29.7,Normal
M,72,47,29.8,Normal
M,72,48,29.8,Normal
M,72,49,29.9,Normal
M,72,50,30,Normal
M,72,51,30.1,Normal
M,72,52,30.2,Normal
M,72,53,30.3,Normal
M,72,54,30.4,Normal
M,72,55,30.5,Normal
M,72,56,30.6,Normal
M,72,57,30.7,Normal
M,72,58,30.8,Normal
M,72,59,30.9,Normal
M,72,60,31,Good
M,72,61,31.1,Good
M,72,62,31.3,Good
M,72,63,31.4,Good
M,72,64,31.5,Good
M,72,65,31.7,Good
M,72,66,31.8,Good
M,72,67,31.9,Good
M,72,68,32.1,Good
M,72,69,32.2,Good
M,72,70,32.3,Good
M,72,71,32.5,Good
M,72,72,32.6,Good
M,72,73,32.7,Good
M,72,74,32.9,Good
M,72,75,33,Good
M,72,76,33.2,Good
M,72,77,33.3,Good
M,72,78,33.5,Good
M,72,79,33.6,Good
M,72,80,33.8,Excellent
M,72,81,34,Excellent
M,72,82,34.2,Excellent
M,72,83,34.4,Excellent
M,72,84,34.6,Excellent
M,72,85,34.8,Excellent
M,72,86,35.1,Excellent
M,72,87,35.5,Excellent
M,72,88,36,Excellent
M,72,89,36.6,Excellent
M,72,90,37.2,Excellent
M,72,91,37.9,Excellent
M,72,92,38.7,Excellent
M,72,93,39.6,Excellent
M,72,94,40.5,Excellent
M,72,95,41.6,Excellent
M,72,96,46.8,Excellent
M,72,97,52,Excellent
M,72,98,57.2,Excellent
M,72,99,62.4,Excellent
M,73,15,14.6,Poor
M,73,16,15.2,Poor
M,73,17,15.8,Poor
M,73,18,16.4,Poor
M,73,19,17,Poor
M,73,20,17.6,Fair
M,73,21,18.2,Fair
M,73,22,18.7,Fair
M,73,23,19.3,Fair
M,73,24,19.9,Fair
M,73,25,20.5,Fair
M,73,26,21.1,Fair
M,73,27,21.7,Fair
M,73,28,22.3,Fair
M,73,29,22.8,Fair
M,73,30,23.4,Fair
M,73,31,24,Fair
M,73,32,24.6,Fair
M,73,33,25.2,Fair
M,73,34,25.8,Fair
M,73,35,26.4,Fair
M,73,36,26.9,Fair
M,73,37,27.5,Fair
M,73,38,28.1,Fair
M,73,39,28.7,Fair
M,73,40,29.3,Normal
M,73,41,29.4,Normal
M,73,42,29.4,Normal
M,73,43,29.5,Normal
M,73,44,29.5,Normal
M,73,45,29.6,Normal
M,73,46,29.6,Normal
M,73,47,29.7,Normal
M,73,48,29.8,Normal
M,73,49,29.8,Normal
M,73,50,29.9,Normal
M,73,51,30,Normal
M,73,52,30.1,Normal
M,73,53,30.2,Normal
M,73,54,30.3,Normal
M,73,55,30.4,Normal
M,73,56,30.5,Normal
M,73,57,30.6,Normal
M,73,58,30.7,Normal
M,73,59,30.8,Normal
M,73,60,30.9,Good
M,73,61,31.1,Good
M,73,62,31.2,Good
M,73,63,31.3,Good
M,73,64,31.5,Good
M,73,65,31.6,Good
M,73,66,31.7,Good
M,73,67,31.8,Good
M,73,68,32,Good
M,73,69,32.1,Good
M,73,70,32.2,Good
M,73,71,32.4,Good
M,73,72,32.5,Good
M,73,73,32.7,Good
M,73,74,32.8,Good
M,73,75,32.9,Good
M,73,76,33.1,Good
M,73,77,33.2,Good
M,73,78,33.4,Good
M,73,79,33.6,Good
M,73,80,33.8,Excellent
M,73,81,33.9,Excellent
M,73,82,34.1,Excellent
M,73,83,34.3,Excellent
M,73,84,34.5,Excellent
M,73,85,34.7,Excellent
M,73,86,35.1,Excellent
M,73,87,35.4,Excellent
M,73,88,35.9,Excellent
M,73,89,36.5,Excellent
M,73,90,37.1,Excellent
M,73,91,37.8,Excellent
M,73,92,38.6,Excellent
M,73,93,39.5,Excellent
M,73,94,40.5,Excellent
M,73,95,41.5,Excellent
M,73,96,46.7,Excellent
M,73,97,51.9,Excellent
M,73,98,57.1,Excellent
M,73,99,62.3,Excellent
M,74,15,14.6,Poor
M,74,16,15.2,Poor
M,74,17,15.8,Poor
M,74,18,16.4,Poor
M,74,19,17,Poor
M,74,20,17.5,Fair
M,74,21,18.1,Fair
M,74,22,18.7,Fair
M,74,23,19.3,Fair
M,74,24,19.9,Fair
M,74,25,20.5,Fair
M,74,26,21.1,Fair
M,74,27,21.6,Fair
M,74,28,22.2,Fair
M,74,29,22.8,Fair
M,74,30,23.4,Fair
M,74,31,24,Fair
M,74,32,24.6,Fair
M,74,33,25.1,Fair
M,74,34,25.7,Fair
M,74,35,26.3,Fair
M,74,36,26.9,Fair
M,74,37,27.5,Fair
M,74,38,28.1,Fair
M,74,39,28.7,Fair
M,74,40,29.2,Normal
M,74,41,29.3,Normal
M,74,42,29.4,Normal
M,74,43,29.4,Normal
M,74,44,29.5,Normal
M,74,45,29.5,Normal
M,74,46,29.6,Normal
M,74,47,29.6,Normal
M,74,48,29.7,Normal
M,74,49,29.8,Normal
M,74,50,29.9,Normal
M,74,51,29.9,Normal
M,74,52,30,Normal
M,74,53,30.1,Normal
M,74,54,30.2,Normal
M,74,55,30.3,Normal
M,74,56,30.4,Normal
M,74,57,30.5,Normal
M,74,58,30.7,Normal
M,74,59,30.8,Normal
M,74,60,30.9,Good
M,74,61,31,Good
M,74,62,31.1,Good
M,74,63,31.3,Good
M,74,64,31.4,Good
M,74,65,31.5,Good
M,74,66,31.7,Good
M,74,67,31.8,Good
M,74,68,31.9,Good
M,74,69,32.1,Good
M,74,70,32.2,Good
M,74,71,32.3,Good
M,74,72,32.5,Good
M,74,73,32.6,Good
M,74,74,32.7,Good
M,74,75,32.9,Good
M,74,76,33,Good
M,74,77,33.2,Good
M,74,78,33.3,Good
M,74,79,33.5,Good
M,74,80,33.7,Excellent
M,74,81,33.9,Excellent
M,74,82,34.1,Excellent
M,74,83,34.3,Excellent
M,74,84,34.5,Excellent
M,74,85,34.7,Excellent
M,74,86,35,Excellent
M,74,87,35.4,Excellent
M,74,88,35.9,Excellent
M,74,89,36.4,Excellent
M,74,90,37.1,Excellent
M,74,91,37.8,Excellent
M,74,92,38.6,Excellent
M,74,93,39.4,Excellent
M,74,94,40.4,Excellent
M,74,95,41.5,Excellent
M,74,96,46.6,Excellent
M,74,97,51.8,Excellent
M,74,98,57,Excellent
M,74,99,62.2,Excellent
M,75,15,14.6,Poor
M,75,16,15.2,Poor
M,75,17,15.8,Poor
M,75,18,16.4,Poor
M,75,19,16.9,Poor
M,75,20,17.5,Fair
M,75,21,18.1,Fair
M,75,22,18.7,Fair
M,75,23,19.3,Fair
M,75,24,19.9,Fair
M,75,25,20.5,Fair
M,75,26,21,Fair
M,75,27,21.6,Fair
M,75,28,22.2,Fair
M,75,29,22.8,Fair
M,75,30,23.4,Fair
M,75,31,24,Fair
M,75,32,24.5,Fair
M,75,33,25.1,Fair
M,75,34,25.7,Fair
M,75,35,26.3,Fair
M,75,36,26.9,Fair
M,75,37,27.5,Fair
M,75,38,28,Fair
M,75,39,28.6,Fair
M,75,40,29.2,Normal
M,75,41,29.3,Normal
M,75,42,29.3,Normal
M,75,43,29.4,Normal
M,75,44,29.5,Normal
M,75,45,29.5,Normal
M,75,46,29.6,Normal
M,75,47,29.6,Normal
M,75,48,29.7,Normal
M,75,49,29.8,Normal
M,75,50,29.8,Normal
M,75,51,29.9,Normal
M,75,52,30,Normal
M,75,53,30.1,Normal
M,75,54,30.2,Normal
M,75,55,30.3,Normal
M,75,56,30.4,Normal
M,75,57,30.5,Normal
M,75,58,30.6,Normal
M,75,59,30.7,Normal
M,75,60,30.9,Good
M,75,61,31,Good
M,75,62,31.1,Good
M,75,63,31.2,Good
M,75,64,31.4,Good
M,75,65,31.5,Good
M,75,66,31.6,Good
M,75,67,31.8,Good
M,75,68,31.9,Good
M,75,69,32,Good
M,75,70,32.2,Good
M,75,71,32.3,Good
M,75,72,32.4,Good
M,75,73,32.6,Good
M,75,74,32.7,Good
M,75,75,32.9,Good
M,75,76,33,Good
M,75,77,33.2,Good
M,75,78,33.3,Good
M,75,79,33.5,Good
M,75,80,33.7,Excellent
M,75,81,33.9,Excellent
M,75,82,34.1,Excellent
M,75,83,34.2,Excellent
M,75,84,34.4,Excellent
M,75,85,34.7,Excellent
M,75,86,35,Excellent
M,75,87,35.4,Excellent
M,75,88,35.9,Excellent
M,75,89,36.4,Excellent
M,75,90,37,Excellent
M,75,91,37.7,Excellent
M,75,92,38.5,Excellent
M,75,93,39.4,Excellent
M,75,94,40.4,Excellent
M,75,95,41.4,Excellent
M,75,96,46.6,Excellent
M,75,97,51.8,Excellent
M,75,98,57,Excellent
M,75,99,62.1,Excellent
M,76,15,14.6,Poor
M,76,16,15.2,Poor
M,76,17,15.8,Poor
M,76,18,16.4,Poor
M,76,19,16.9,Poor
M,76,20,17.5,Fair
M,76,21,18.1,Fair
M,76,22,18.7,Fair
M,76,23,19.3,Fair
M,76,24,19.9,Fair
M,76,25,20.5,Fair
M,76,26,21,Fair
M,76,27,21.6,Fair
M,76,28,22.2,Fair
M,76,29,22.8,Fair
M,76,30,23.4,Fair
M,76,31,24,Fair
M,76,32,24.5,Fair
M,76,33,25.1,Fair
M,76,34,25.7,Fair
M,76,35,26.3,Fair
M,76,36,26.9,Fair
M,76,37,27.5,Fair
M,76,38,28,Fair
M,76,39,28.6,Fair
M,76,40,29.2,Normal
M,76,41,29.3,Normal
M,76,42,29.3,Normal
M,76,43,29.4,Normal
M,76,44,29.5,Normal
M,76,45,29.5,Normal
M,76,46,29.6,Normal
M,76,47,29.6,Normal
M,76,48,29.7,Normal
M,76,49,29.8,Normal
M,76,50,29.8,Normal
M,76,51,29.9,Normal
M,76,52,30,Normal
M,76,53,30.1,Normal
M,76,54,30.2,Normal
M,76,55,30.3,Normal
M,76,56,30.4,Normal
M,76,57,30.5,Normal
M,76,58,30.6,Normal
M,76,59,30.7,Normal
M,76,60,30.9,Good
M,76,61,31,Good
M,76,62,31.1,Good
M,76,63,31.2,Good
M,76,64,31.4,Good
M,76,65,31.5,Good
M,76,66,31.6,Good
M,76,67,31.8,Good
M,76,68,31.9,Good
M,76,69,32,Good
M,76,70,32.2,Good
M,76,71,32.3,Good
M,76,72,32.4,Good
M,76,73,32.6,Good
M,76,74,32.7,Good
M,76,75,32.9,Good
M,76,76,33,Good
M,76,77,33.2,Good
M,76,78,33.3,Good
M,76,79,33.5,Good
M,76,80,33.7,Excellent
M,76,81,33.9,Excellent
M,76,82,34.1,Excellent
M,76,83,34.2,Excellent
M,76,84,34.4,Excellent
M,76,85,34.7,Excellent
M,76,86,35,Excellent
M,76,87,35.4,Excellent
M,76,88,35.9,Excellent
M,76,89,36.4,Excellent
M,76,90,37,Excellent
M,76,91,37.7,Excellent
M,76,92,38.5,Excellent
M,76,93,39.4,Excellent
M,76,94,40.4,Excellent
M,76,95,41.4,Excellent
M,76,96,46.6,Excellent
M,76,97,51.8,Excellent
M,76,98,56.9,Excellent
M,76,99,62.1,Excellent
M,77,15,14.6,Poor
M,77,16,15.2,Poor
M,77,17,15.8,Poor
M,77,18,16.4,Poor
M,77,19,17,Poor
M,77,20,17.5,Fair
M,77,21,18.1,Fair
M,77,22,18.7,Fair
M,77,23,19.3,Fair
M,77,24,19.9,Fair
M,77,25,20.5,Fair
M,77,26,21.1,Fair
M,77,27,21.6,Fair
M,77,28,22.2,Fair
M,77,29,22.8,Fair
M,77,30,23.4,Fair
M,77,31,24,Fair
M,77,32,24.6,Fair
M,77,33,25.1,Fair
M,77,34,25.7,Fair
M,77,35,26.3,Fair
M,77,36,26.9,Fair
M,77,37,27.5,Fair
M,77,38,28.1,Fair
M,77,39,28.7,Fair
M,77,40,29.2,Normal
M,77,41,29.3,Normal
M,77,42,29.4,Normal
M,77,43,29.4,Normal
M,77,44,29.5,Normal
M,77,45,29.5,Normal
M,77,46,29.6,Normal
M,77,47,29.6,Normal
M,77,48,29.7,Normal
M,77,49,29.8,Normal
M,77,50,29.9,Normal
M,77,51,29.9,Normal
M,77,52,30,Normal
M,77,53,30.1,Normal
M,77,54,30.2,Normal
M,77,55,30.3,Normal
M,77,56,30.4,Normal
M,77,57,30.5,Normal
M,77,58,30.7,Normal
M,77,59,30.8,Normal
M,77,60,30.9,Good
M,77,61,31,Good
M,77,62,31.1,Good
M,77,63,31.3,Good
M,77,64,31.4,Good
M,77,65,31.5,Good
M,77,66,31.7,Good
M,77,67,31.8,Good
M,77,68,31.9,Good
M,77,69,32.1,Good
M,77,70,32.2,Good
M,77,71,32.3,Good
M,77,72,32.5,Good
M,77,73,32.6,Good
M,77,74,32.7,Good
M,77,75,32.9,Good
M,77,76,33,Good
M,77,77,33.2,Good
M,77,78,33.3,Good
M,77,79,33.5,Good
M,77,80,33.7,Excellent
M,77,81,33.9,Excellent
M,77,82,34.1,Excellent
M,77,83,34.3,Excellent
M,77,84,34.5,Excellent
M,77,85,34.7,Excellent
M,77,86,35,Excellent
M,77,87,35.4,Excellent
M,77,88,35.9,Excellent
M,77,89,36.5,Excellent
M,77,90,37.1,Excellent
M,77,91,37.8,Excellent
M,77,92,38.6,Excellent
M,77,93,39.4,Excellent
M,77,94,40.4,Excellent
M,77,95,41.4,Excellent
M,77,96,46.6,Excellent
M,77,97,51.8,Excellent
M,77,98,57,Excellent
M,77,99,62.2,Excellent
M,78,15,14.6,Poor
M,78,16,15.2,Poor
M,78,17,15.8,Poor
M,78,18,16.4,Poor
M,78,19,17,Poor
M,78,20,17.6,Fair
M,78,21,18.2,Fair
M,78,22,18.7,Fair
M,78,23,19.3,Fair
M,78,24,19.9,Fair
M,78,25,20.5,Fair
M,78,26,21.1,Fair
M,78,27,21.7,Fair
M,78,28,22.3,Fair
M,78,29,22.8,Fair
M,78,30,23.4,Fair
M,78,31,24,Fair
M,78,32,24.6,Fair
M,78,33,25.2,Fair
M,78,34,25.8,Fair
M,78,35,26.4,Fair
M,78,36,26.9,Fair
M,78,37,27.5,Fair
M,78,38,28.1,Fair
M,78,39,28.7,Fair
M,78,40,29.3,Normal
M,78,41,29.4,Normal
M,78,42,29.4,Normal
M,78,43,29.5,Normal
M,78,44,29.5,Normal
M,78,45,29.6,Normal
M,78,46,29.6,Normal
M,78,47,29.7,Normal
M,78,48,29.8,Normal
M,78,49,29.8,Normal
M,78,50,29.9,Normal
M,78,51,30,Normal
M,78,52,30.1,Normal
M,78,53,30.2,Normal
M,78,54,30.3,Normal
M,78,55,30.4,Normal
M,78,56,30.5,Normal
M,78,57,30.6,Normal
M,78,58,30.7,Normal
M,78,59,30.8,Normal
M,78,60,30.9,Good
M,78,61,31.1,Good
M,78,62,31.2,Good
M,78,63,31.3,Good
M,78,64,31.4,Good
M,78,65,31.6,Good
M,78,66,31.7,Good
M,78,67,31.8,Good
M,78,68,32,Good
M,78,69,32.1,Good
M,78,70,32.2,Good
M,78,71,32.4,Good
M,78,72,32.5,Good
M,78,73,32.7,Good
M,78,74,32.8,Good
M,78,75,32.9,Good
M,78,76,33.1,Good
M,78,77,33.2,Good
M,78,78,33.4,Good
M,78,79,33.6,Good
M,78,80,33.8,Excellent
M,78,81,33.9,Excellent
M,78,82,34.1,Excellent
M,78,83,34.3,Excellent
M,78,84,34.5,Excellent
M,78,85,34.7,Excellent
M,78,86,35.1,Excellent
M,78,87,35.4,Excellent
M,78,88,35.9,Excellent
M,78,89,36.5,Excellent
M,78,90,37.1,Excellent
M,78,91,37.8,Excellent
M,78,92,38.6,Excellent
M,78,93,39.5,Excellent
M,78,94,40.4,Excellent
M,78,95,41.5,Excellent
M,78,96,46.7,Excellent
M,78,97,51.9,Excellent
M,78,98,57.1,Excellent
M,78,99,62.3,Excellent
M,79,15,14.7,Poor
M,79,16,15.3,Poor
M,79,17,15.9,Poor
M,79,18,16.4,Poor
M,79,19,17,Poor
M,79,20,17.6,Fair
M,79,21,18.2,Fair
M,79,22,18.8,Fair
M,79,23,19.4,Fair
M,79,24,20,Fair
M,79,25,20.6,Fair
M,79,26,21.1,Fair
M,79,27,21.7,Fair
M,79,28,22.3,Fair
M,79,29,22.9,Fair
M,79,30,23.5,Fair
M,79,31,24.1,Fair
M,79,32,24.7,Fair
M,79,33,25.3,Fair
M,79,34,25.8,Fair
M,79,35,26.4,Fair
M,79,36,27,Fair
M,79,37,27.6,Fair
M,79,38,28.2,Fair
M,79,39,28.8,Fair
M,79,40,29.4,Normal
M,79,41,29.4,Normal
M,79,42,29.5,Normal
M,79,43,29.5,Normal
M,79,44,29.6,Normal
M,79,45,29.7,Normal
M,79,46,29.7,Normal
M,79,47,29.8,Normal
M,79,48,29.8,Normal
M,79,49,29.9,Normal
M,79,50,30,Normal
M,79,51,30.1,Normal
M,79,52,30.2,Normal
M,79,53,30.2,Normal
M,79,54,30.3,Normal
M,79,55,30.5,Normal
M,79,56,30.6,Normal
M,79,57,30.7,Normal
M,79,58,30.8,Normal
M,79,59,30.9,Normal
M,79,60,31,Good
M,79,61,31.1,Good
M,79,62,31.3,Good
M,79,63,31.4,Good
M,79,64,31.5,Good
M,79,65,31.7,Good
M,79,66,31.8,Good
M,79,67,31.9,Good
M,79,68,32.1,Good
M,79,69,32.2,Good
M,79,70,32.3,Good
M,79,71,32.5,Good
M,79,72,32.6,Good
M,79,73,32.7,Good
M,79,74,32.9,Good
M,79,75,33,Good
M,79,76,33.2,Good
M,79,77,33.3,Good
M,79,78,33.5,Good
M,79,79,33.6,Good
M,79,80,33.8,Excellent
M,79,81,34,Excellent
M,79,82,34.2,Excellent
M,79,83,34.4,Excellent
M,79,84,34.6,Excellent
M,79,85,34.8,Excellent
M,79,86,35.1,Excellent
M,79,87,35.5,Excellent
M,79,88,36,Excellent
M,79,89,36.6,Excellent
M,79,90,37.2,Excellent
M,79,91,37.9,Excellent
M,79,92,38.7,Excellent
M,79,93,39.6,Excellent
M,79,94,40.5,Excellent
M,79,95,41.6,Excellent
M,79,96,46.8,Excellent
M,79,97,52,Excellent
M,79,98,57.2,Excellent
M,79,99,62.4,Excellent
M,80,15,14.7,Poor
M,80,16,15.3,Poor
M,80,17,15.9,Poor
M,80,18,16.5,Poor
M,80,19,17.1,Poor
M,80,20,17.7,Fair
M,80,21,18.3,Fair
M,80,22,18.9,Fair
M,80,23,19.4,Fair
M,80,24,20,Fair
M,80,25,20.6,Fair
M,80,26,21.2,Fair
M,80,27,21.8,Fair
M,80,28,22.4,Fair
M,80,29,23,Fair
M,80,30,23.6,Fair
M,80,31,24.2,Fair
M,80,32,24.7,Fair
M,80,33,25.3,Fair
M,80,34,25.9,Fair
M,80,35,26.5,Fair
M,80,36,27.1,Fair
M,80,37,27.7,Fair
M,80,38,28.3,Fair
M,80,39,28.9,Fair
M,80,40,29.5,Normal
M,80,41,29.5,Normal
M,80,42,29.6,Normal
M,80,43,29.6,Normal
M,80,44,29.7,Normal
M,80,45,29.8,Normal
M,80,46,29.8,Normal
M,80,47,29.9,Normal
M,80,48,29.9,Normal
M,80,49,30,Normal
M,80,50,30.1,Normal
M,80,51,30.2,Normal
M,80,52,30.3,Normal
M,80,53,30.4,Normal
M,80,54,30.5,Normal
M,80,55,30.6,Normal
M,80,56,30.7,Normal
M,80,57,30.8,Normal
M,80,58,30.9,Normal
M,80,59,31,Normal
M,80,60,31.1,Good
M,80,61,31.2,Good
M,80,62,31.4,Good
M,80,63,31.5,Good
M,80,64,31.6,Good
M,80,65,31.8,Good
M,80,66,31.9,Good
M,80,67,32,Good
M,80,68,32.2,Good
M,80,69,32.3,Good
M,80,70,32.4,Good
M,80,71,32.6,Good
M,80,72,32.7,Good
M,80,73,32.8,Good
M,80,74,33,Good
M,80,75,33.1,Good
M,80,76,33.2,Good
M,80,77,33.4,Good
M,80,78,33.6,Good
M,80,79,33.7,Good
M,80,80,33.9,Excellent
M,80,81,34.1,Excellent
M,80,82,34.3,Excellent
M,80,83,34.5,Excellent
M,80,84,34.6,Excellent
M,80,85,34.9,Excellent
M,80,86,35.2,Excellent
M,80,87,35.6,Excellent
M,80,88,36.1,Excellent
M,80,89,36.6,Excellent
M,80,90,37.3,Excellent
M,80,91,38,Excellent
M,80,92,38.8,Excellent
M,80,93,39.7,Excellent
M,80,94,40.6,Excellent
M,80,95,41.7,Excellent
M,80,96,46.9,Excellent
M,80,97,52.2,Excellent
M,80,98,57.4,Excellent
M,80,99,62.6,Excellent
